0;0;0;0;12.7;-2;28.3;-77.2;0;0;0;0
0.021;0;0;-0.1;12.8;-38;28.3;-67.7;0;0;0;0
0.043;0;0;0.02;12.8;-72;28.3;-68.6;0;0;0;0
0.058;0;0;0.16;12.8;-88;28.3;-77.2;0;0;0;0
0.079;0;0;0.28;12.7;-105;28.3;-67.7;0;0;0;0
0.098;0;0;0.35;12.8;-117;28.3;-71.5;0;0;0;0
0.119;0;0;0.37;12.7;-130;28.3;-71.5;0;0;0;0
0.142;0;0;0.34;12.9;-135;28.3;-67.7;0;0;0;0
0.163;0;0;0.27;12.7;-147;28.3;-68.6;0;0;0;0
0.178;0;0;0.14;12.7;-155;28.3;-79.3;0;0;0;0
0.202;0;0;0;12.8;-167;28.3;-77.2;0;0;0;0
0.232;0;0;-0.21;12.7;-186;28.3;-85.3;0;0;0;0
0.237;0;0;-0.33;12.8;-188;28.3;-69.5;0;0;0;0
0.259;0;0;-0.35;12.8;-204;28.3;-69.5;0;0;0;0
0.281;0;0;-0.32;12.7;-210;28.3;-70.4;0;0;0;0
0.298;0;0;-0.2;12.8;-216;28.3;-67.7;0;0;0;0
0.32;0;0;-0.05;12.8;-214;28.3;-65.5;0;0;0;0
0.343;0;0;0.11;12.7;-211;28.3;-67.7;0;0;0;0
0.358;0;0;0.25;12.7;-208;28.3;-68.6;0;0;0;0
0.383;0;0;0.32;12.8;-200;28.3;-67;0;0;0;0
0.398;0;0;0.37;12.7;-197;28.3;-77.2;0;0;0;0
0.422;0;0;0.36;12.8;-193;28.3;-69.5;0;0;0;0
0.439;0;0;0.3;12.8;-189;28.3;-75.5;0;0;0;0
0.46;0;0;0.21;12.7;-192;28.3;-72.7;0;0;0;0
0.478;0;0;0.06;12.7;-192;28.3;-75.5;0;0;0;0
0.5;0;0;-0.09;12.7;-200;28.3;-75.5;0;0;0;0
0.519;0;0;-0.26;12.8;-208;28.3;-67;0;0;0;0
0.539;0;0;-0.34;12.7;-217;28.3;-67;0;0;0;0
0.561;0;0;-0.35;12.7;-221;28.3;-67.7;0;0;0;0
0.578;0;0;-0.25;12.7;-227;28.3;-70.4;0;0;0;0
0.603;0;0;-0.09;12.7;-223;28.3;-74;0;0;0;0
0.624;0;0;0.09;12.7;-220;28.3;-85.3;0;0;0;0
0.64;0;0;0.21;12.8;-216;28.3;-70.4;0;0;0;0
0.661;0;0;0.3;12.8;-207;28.3;-67;0;0;0;0
0.68;0;0;0.35;12.8;-202;28.3;-77.2;0;0;0;0
0.704;0;0;0.35;12.7;-197;28.3;-75.5;0;0;0;0
0.719;0;0;0.31;12.7;-192;28.3;-68.6;0;0;0;0
0.742;0;0;0.24;12.8;-194;28.3;-67.7;0;0;0;0
0.762;0;0;0.08;12.8;-194;28.3;-77.2;0;0;0;0
0.783;0;0;-0.08;12.7;-201;28.3;-68.6;0;0;0;0
0.799;0;0;-0.23;12.7;-207;28.3;-81.8;0;0;0;0
0.821;0;0;-0.34;12.7;-216;28.3;-67;0;0;0;0
0.841;0;0;-0.37;12.7;-223;28.3;-67;0;0;0;0
0.861;0;0;-0.29;12.7;-227;28.3;-69.5;0;0;0;0
0.881;0;0;-0.14;12.7;-226;28.3;-67.7;0;0;0;0
0.902;0;0;0.03;12.7;-223;28.3;-72.7;0;0;0;0
0.92;0;0;0.17;12.7;-218;28.3;-70.4;0;0;0;0
0.942;0;0;0.27;12.8;-209;28.3;-70.4;0;0;0;0
0.965;0;0;0.36;12.7;-203;28.3;-68.6;0;0;0;0
0.982;0;0;0.37;12.8;-199;28.3;-79.3;0;0;0;0
1.002;0;0;0.35;12.8;-191;28.3;-69.5;0;0;0;0
1.025;0;0;0.25;12.8;-193;28.3;-67;0;0;0;0
1.041;0;0;0.12;12.7;-194;28.3;-72.7;0;0;0;0
1.06;0;0;0;12.8;-198;28.3;-70.4;0;0;0;0
1.084;0;0;-0.19;12.7;-206;28.3;-69.5;0;0;0;0
1.098;0;0;-0.32;12.7;-211;28.3;-72.7;0;0;0;0
1.124;0;0;-0.37;12.8;-223;28.3;-75.5;0;0;0;0
1.143;0;0;-0.32;12.8;-225;28.3;-75.5;0;0;0;0
1.167;0;0;-0.18;12.8;-227;28.3;-77.2;0;0;0;0
1.181;0;0;-0.03;12.7;-223;28.3;-74;0;0;0;0
1.202;0;0;0.12;12.8;-219;28.3;-77.2;0;0;0;0
1.224;0;0;0.25;12.7;-212;28.3;-79.3;0;0;0;0
1.242;0;0;0.34;12.8;-205;28.3;-67.7;0;0;0;0
1.263;0;0;0.36;12.8;-201;28.3;-75.5;0;0;0;0
1.285;0;0;0.33;12.8;-193;28.3;-75.5;0;0;0;0
1.298;0;0;0.3;12.7;-192;28.3;-68.6;0;0;0;0
1.325;0;0;0.18;12.8;-194;28.3;-70.4;0;0;0;0
1.342;0;0;0.02;12.7;-196;28.3;-75.5;0;0;0;0
1.363;0;0;-0.14;12.8;-204;28.3;-77.2;0;0;0;0
1.382;0;0;-0.28;12.7;-209;28.3;-67;0;0;0;0
1.401;0;0;-0.36;12.7;-219;28.3;-67.7;0;0;0;0
1.424;0;0;-0.34;12.8;-223;28.3;-72.7;0;0;0;0
1.443;0;0;-0.22;12.7;-227;28.3;-72.7;0;0;0;0
1.464;0;0;-0.06;12.6;-223;28.3;-77.2;0;0;0;0
1.481;0;0;0.07;12.7;-222;28.3;-68.6;0;0;0;0
1.504;0;0;0.21;12.7;-215;28.3;-67;0;0;0;0
1.524;0;0;0.33;12.8;-206;28.3;-68.6;0;0;0;0
1.538;0;0;0.37;12.8;-202;28.3;-67;0;0;0;0
1.561;0;0;0.33;12.7;-198;28.3;-67;0;0;0;0
1.579;0;0;0.32;12.7;-192;28.3;-70.4;0;0;0;0
1.603;0;0;0.23;12.7;-194;28.3;-72.7;0;0;0;0
1.623;0;0;0.07;12.8;-195;28.3;-67;0;0;0;0
1.641;0;0;-0.08;12.8;-201;28.3;-71.5;0;0;0;0
1.663;0;0;-0.23;12.7;-208;28.3;-70.4;0;0;0;0
1.681;0;0;-0.35;12.7;-216;28.3;-67;0;0;0;0
1.7;0;0;-0.35;12.9;-223;28.3;-68.6;0;0;0;0
1.724;0;0;-0.28;12.7;-227;28.3;-69.5;0;0;0;0
1.738;0;0;-0.13;12.7;-227;28.3;-67.7;0;0;0;0
1.761;0;0;0.01;12.7;-223;28.3;-67;0;0;0;0
1.783;0;0;0.18;12.8;-217;28.3;-71.5;0;0;0;0
1.802;0;0;0.28;12.7;-209;28.3;-67.7;0;0;0;0
1.821;0;0;0.35;12.7;-203;28.3;-71.5;0;0;0;0
1.845;0;0;0.37;12.7;-199;28.3;-72.7;0;0;0;0
1.862;0;0;0.34;12.7;-191;28.3;-67;0;0;0;0
1.882;0;0;0.26;12.7;-193;28.3;-67.7;0;0;0;0
1.899;0;0;0.14;12.8;-194;28.3;-70.4;0;0;0;0
1.924;0;0;-0.01;12.8;-200;28.3;-67.7;0;0;0;0
1.938;0;0;-0.18;12.8;-205;28.3;-67.7;0;0;0;0
1.962;0;0;-0.31;12.7;-213;28.3;-69.5;0;0;0;0
1.979;0;0;-0.36;12.7;-222;28.3;-67;0;0;0;0
2.003;0;0;-0.31;12.8;-225;28.3;-68.6;0;0;0;0
2.024;0;0;-0.04;12.8;-194;28.3;-70.4;-0.1;0;0;0
2.042;0;0;-0.01;12.8;-169;28.3;-75.5;-0.1;0;0;0
2.059;0;0;-0.01;12.8;-148;28.4;-67;-0.1;0;0;0
2.082;0;0;0;12.8;-123;28.3;-68.6;-0.1;0;0;0
2.103;0;0;-0.01;12.8;-103;28.3;-67.7;-0.1;0;0;0
2.123;0;0;-0.01;12.7;-88;28.4;-70.4;-0.1;0;0;0
2.141;0;0;0;12.7;-76;28.3;-67;-0.1;0;0;0
2.164;0;0;0;12.8;-63;28.4;-68.6;-0.1;0;0;0
2.183;0;0;0;12.7;-53;28.4;-70.4;-0.1;0;0;0
2.202;0;0;0;12.7;-46;28.3;-65.5;-0.1;0;0;0
2.221;0;0;0;12.7;-40;28.4;-72.7;-0.1;0;0;0
2.244;0;0;0;12.7;-35;28.4;-79.3;-0.1;0;0;0
2.264;0;0;0;12.7;-31;28.4;-70.4;-0.1;0;0;0
2.278;0;0;0;12.8;-29;28.4;-70.4;-0.1;0;0;0
2.303;0;0;0;12.7;-24;28.4;-68.6;-0.1;0;0;0
2.321;0;0;0;12.8;-21;28.4;-70.4;-0.1;0;0;0
2.343;0;0;0.67;12.8;13;28.4;-79.3;1.2;0;0;0
2.361;0.256;0.02;2.85;12.8;79;28.4;-67;0.9;0;0;0
2.381;0.127;0.01;2.19;12.7;143;28.4;-68.6;0.9;0;0;0
2.404;0.127;0.01;1.98;12.7;205;28.4;-77.2;0.9;0;0;0
2.423;0.127;0.01;1.86;12.7;257;28.4;-70.4;0.9;0;0;0
2.441;0.127;0.01;1.73;12.7;300;28.4;-79.3;1;0;0;0
2.462;0.128;0.01;1.8;12.8;331;28.4;-68.6;1;0;0;0
2.486;0.128;0.01;2.11;12.8;350;28.4;-68.6;0.9;0;0;0
2.498;0.127;0.01;2.32;12.7;354;28.4;-71.5;0.9;0;0;0
2.52;0.254;0.02;2.34;12.7;369;28.4;-67;0.9;0;0;0
2.542;0.128;0.01;2.26;12.8;388;28.4;-75.5;1;0;0;0
2.561;0.127;0.01;2.15;12.7;408;28.4;-67;1;0;0;0
2.579;0.127;0.01;2.1;12.7;428;28.4;-67.7;0.9;0;0;0
2.602;0.128;0.01;2.17;12.8;434;28.4;-77.2;0.9;0;0;0
2.625;0.256;0.02;2.4;12.8;428;28.4;-77.2;0.9;0;0;0
2.641;0.256;0.02;2.48;12.8;430;28.4;-77.2;1;0;0;0
2.661;0.256;0.02;2.46;12.8;436;28.4;-68.6;1;0;0;0
2.683;0.252;0.02;2.4;12.6;446;28.4;-67;1;0;0;0
2.704;0.256;0.02;2.23;12.8;461;28.4;-67.7;1;0;0;0
2.719;0.128;0.01;2.17;12.8;464;28.4;-72.7;1.1;0;0;0
2.74;0.254;0.02;2.41;12.7;455;28.4;-75.5;1;0;0;0
2.761;0.254;0.02;2.6;12.7;449;28.4;-67;1;0;0;0
2.779;0.254;0.02;2.64;12.7;447;28.4;-75.5;1;0;0;0
2.805;0.254;0.02;2.47;12.7;454;28.4;-68.6;1.1;0;0;0
2.821;0.256;0.02;2.41;12.8;462;28.4;-67.7;1;0;0;0
2.844;0.256;0.02;2.28;12.8;472;28.4;-79.3;1.1;0;0;0
2.858;0.256;0.02;2.48;12.8;472;28.4;-85.3;0.9;0;0;0
2.879;0.256;0.02;2.55;12.8;462;28.4;-69.5;1;0;0;0
2.901;0.256;0.02;2.68;12.8;456;28.4;-67;1;0;0;0
2.921;0.254;0.02;2.61;12.7;459;28.4;-71.5;1;0;0;0
2.941;0.254;0.02;2.52;12.7;465;28.4;-75.5;1;0;0;0
2.961;0.254;0.02;2.38;12.7;477;28.4;-67;1;0;0;0
2.979;0.256;0.02;2.34;12.8;480;28.4;-67;1.1;0;0;0
2.999;0.254;0.02;2.57;12.7;467;28.4;-69.5;1;0;0;0
3.021;0.256;0.02;2.74;12.8;459;28.4;-75.5;1;0;0;0
3.041;0.256;0.02;2.72;12.8;457;28.4;-77.2;1.1;0;0;0
3.064;0.254;0.02;2.63;12.7;464;28.4;-67;1.1;0;0;0
3.078;0.256;0.02;2.53;12.8;470;28.4;-68.6;1.1;0;0;0
3.099;0.256;0.02;2.45;12.8;477;28.4;-68.6;1;0;0;0
3.124;0.256;0.02;2.53;12.8;468;28.5;-77.2;1;0;0;0
3.137;0.256;0.02;2.83;12.8;463;28.5;-77.2;1;0;0;0
3.161;0.256;0.02;2.83;12.8;458;28.5;-77.2;0.9;0;0;0
3.181;0.254;0.02;2.75;12.7;462;28.5;-68.6;0.9;0;0;0
3.199;0.256;0.02;2.6;12.8;469;28.5;-70.4;1;0;0;0
3.22;0.256;0.02;2.53;12.8;480;28.5;-70.4;1;0;0;0
3.241;0.252;0.02;2.53;12.6;482;28.5;-67;1;0;0;0
3.262;0.254;0.02;2.74;12.7;468;28.5;-67;1;0;0;0
3.282;0.254;0.02;2.85;12.7;462;28.5;-67;1;0;0;0
3.3;0.254;0.02;2.79;12.7;462;28.5;-67;1.1;0;0;0
3.324;0.254;0.02;2.78;12.7;469;28.5;-75.5;1;0;0;0
3.338;0.256;0.02;2.57;12.8;476;28.5;-70.4;1.1;0;0;0
3.361;0.256;0.02;2.53;12.8;483;28.5;-75.5;1.1;0;0;0
3.381;0.254;0.02;2.75;12.7;471;28.5;-71.5;1.1;0;0;0
3.398;0.254;0.02;2.96;12.7;462;28.5;-67;1;0;0;0
3.421;0.256;0.02;2.92;12.8;460;28.5;-67.7;1.1;0;0;0
3.439;0.254;0.02;2.88;12.7;463;28.5;-67;1;0;0;0
3.461;0.256;0.02;2.68;12.8;473;28.5;-70.4;1.1;0;0;0
3.479;0.254;0.02;2.68;12.7;481;28.5;-68.6;1;0;0;0
3.501;0.254;0.02;2.7;12.7;475;28.5;-67.7;1;0;0;0
3.52;0.254;0.02;2.91;12.7;467;28.5;-77.2;1;0;0;0
3.537;0.254;0.02;2.97;12.7;465;28.5;-68.6;1;0;0;0
3.561;0.254;0.02;2.97;12.7;467;28.5;-75.5;1;0;0;0
3.582;0.254;0.02;2.81;12.7;471;28.5;-75.5;1;0;0;0
3.605;0.256;0.02;2.72;12.8;482;28.5;-68.6;1;0;0;0
3.622;0.254;0.02;2.72;12.7;485;28.5;-79.3;1;0;0;0
3.64;0.256;0.02;2.88;12.8;473;28.5;-69.5;1;0;0;0
3.664;0.256;0.02;3.03;12.8;466;28.5;-69.5;1.1;0;0;0
3.679;0.254;0.02;2.99;12.7;464;28.5;-68.6;1.2;0;0;0
3.701;0.256;0.02;2.96;12.8;471;28.5;-77.2;1.1;0;0;0
3.72;0.254;0.02;2.81;12.7;480;28.5;-67.7;1.1;0;0;0
3.743;0.254;0.02;2.74;12.7;489;28.5;-70.4;1.1;0;0;0
3.759;0.254;0.02;2.92;12.7;474;28.5;-70.4;1.1;0;0;0
3.779;0.254;0.02;3.11;12.7;465;28.5;-72.7;1.1;0;0;0
3.799;0.384;0.03;3.15;12.8;463;28.5;-67.7;1;0;0;0
3.825;0.256;0.02;2.96;12.8;470;28.5;-72.7;1.1;0;0;0
3.839;0.254;0.02;2.98;12.7;473;28.5;-77.2;1.1;0;0;0
3.862;0.254;0.02;2.81;12.7;484;28.5;-75.5;1.1;0;0;0
3.884;0.256;0.02;2.9;12.8;476;28.5;-79.3;1.1;0;0;0
3.9;0.381;0.03;3.15;12.7;469;28.5;-68.6;1;0;0;0
3.921;0.381;0.03;3.2;12.7;466;28.5;-72.7;1;0;0;0
3.939;0.384;0.03;3.1;12.8;471;28.5;-72.7;1;0;0;0
3.964;0.254;0.02;3.02;12.7;473;28.5;-67;1.1;0;0;0
3.978;0.254;0.02;2.87;12.7;486;28.5;-75.5;1.1;0;0;0
4.001;0.256;0.02;2.94;12.8;488;28.5;-71.5;1;0;0;0
4.024;5.715;0.45;15.26;12.7;481;28.6;-70.4;2.9;0;0;0
4.039;4.191;0.33;11.52;12.7;734;28.5;-77.2;4.3;0;0;0
4.06;1.536;0.12;3.91;12.8;1028;28.6;-75.5;2.2;0;0;0
4.081;0.508;0.04;3.65;12.7;930;28.6;-71.5;1.5;0;0;0
4.099;0.896;0.07;5.75;12.8;868;28.6;-67.7;1.3;0;0;0
4.12;1.143;0.09;6.53;12.7;802;28.6;-72.7;1.5;0;0;0
4.14;1.143;0.09;6.92;12.7;737;28.6;-70.4;1.6;0;0;0
4.163;1.152;0.09;7.01;12.8;691;28.6;-79.3;1.7;0;0;0
4.179;1.152;0.09;7.03;12.8;654;28.6;-85.3;1.7;0;0;0
4.202;1.28;0.1;6.93;12.8;636;28.6;-79.3;1.7;0;0;0
4.219;1.143;0.09;6.67;12.7;628;28.6;-77.2;1.6;0;0;0
4.239;1.152;0.09;6.79;12.8;599;28.6;-77.2;1.5;0;0;0
4.259;1.143;0.09;7;12.7;572;28.6;-68.6;1.6;0;0;0
4.279;1.143;0.09;6.93;12.7;562;28.6;-72.7;1.7;0;0;0
4.3;1.152;0.09;6.89;12.8;553;28.6;-79.3;1.6;0;0;0
4.322;1.143;0.09;6.82;12.7;554;28.6;-75.5;1.7;0;0;0
4.344;1.143;0.09;6.71;12.7;555;28.6;-72.7;1.5;0;0;0
4.359;1.152;0.09;6.87;12.8;539;28.6;-75.5;1.6;0;0;0
4.381;1.134;0.09;7.05;12.6;527;28.6;-72.7;1.7;0;0;0
4.4;1.143;0.09;6.95;12.7;529;28.6;-70.4;1.7;0;0;0
4.424;1.152;0.09;7.02;12.8;524;28.6;-72.7;1.5;0;0;0
4.438;1.143;0.09;6.83;12.7;529;28.6;-68.6;1.7;0;0;0
4.459;1.152;0.09;6.8;12.8;537;28.6;-75.5;1.6;0;0;0
4.479;1.152;0.09;7.04;12.8;521;28.6;-67.7;1.6;0;0;0
4.499;1.27;0.1;7.18;12.7;515;28.6;-67;1.7;0;0;0
4.519;1.27;0.1;7.13;12.7;521;28.6;-68.6;1.6;0;0;0
4.539;1.152;0.09;7.11;12.8;517;28.6;-67;1.6;0;0;0
4.56;1.27;0.1;7.01;12.7;531;28.6;-69.5;1.7;0;0;0
4.585;1.152;0.09;7.02;12.8;521;28.6;-63.1;1.5;0;0;0
4.601;1.27;0.1;7.3;12.7;509;28.6;-70.4;1.5;0;0;0
4.624;1.27;0.1;7.39;12.7;508;28.6;-75.5;1.5;0;0;0
4.638;1.28;0.1;7.18;12.8;517;28.6;-77.2;1.6;0;0;0
4.659;1.28;0.1;7.27;12.8;511;28.6;-79.3;1.6;0;0;0
4.68;1.27;0.1;7.12;12.7;532;28.6;-74;1.6;0;0;0
4.701;1.27;0.1;7.17;12.7;519;28.6;-77.2;1.6;0;0;0
4.721;1.28;0.1;7.47;12.8;506;28.6;-67;1.6;0;0;0
4.74;1.408;0.11;7.59;12.8;508;28.6;-69.5;1.5;0;0;0
4.759;1.27;0.1;7.41;12.7;512;28.6;-72.7;1.5;0;0;0
4.779;1.27;0.1;7.35;12.7;512;28.6;-68.6;1.7;0;0;0
4.801;1.397;0.11;7.27;12.7;530;28.6;-67;1.7;0;0;0
4.821;1.27;0.1;7.42;12.7;518;28.6;-74;1.6;0;0;0
4.838;1.28;0.1;7.67;12.8;507;28.6;-79.3;1.7;0;0;0
4.867;1.397;0.11;7.6;12.7;512;28.6;-68.6;1.8;0;0;0
4.881;1.397;0.11;7.62;12.7;512;28.6;-67;1.7;0;0;0
4.9;1.408;0.11;7.56;12.8;519;28.6;-75.5;1.8;0;0;0
4.921;1.408;0.11;7.4;12.8;532;28.6;-70.4;1.7;0;0;0
4.941;1.397;0.11;7.66;12.7;518;28.6;-67;1.6;0;0;0
4.959;1.408;0.11;7.84;12.8;509;28.6;-68.6;1.7;0;0;0
4.979;1.397;0.11;7.73;12.7;516;28.7;-67.7;1.9;0;0;0
5.004;1.408;0.11;7.8;12.8;516;28.7;-75.5;1.7;0;0;0
5.021;1.397;0.11;7.62;12.7;531;28.6;-67.7;1.8;0;0;0
5.04;1.408;0.11;7.61;12.8;533;28.7;-69.5;1.7;0;0;0
5.059;1.397;0.11;7.87;12.7;517;28.7;-67;1.7;0;0;0
5.08;1.524;0.12;8.01;12.7;514;28.7;-70.4;1.7;0;0;0
5.099;1.536;0.12;7.92;12.8;522;28.7;-77.2;1.7;0;0;0
5.119;1.397;0.11;7.92;12.7;517;28.7;-77.2;1.7;0;0;0
5.138;1.524;0.12;7.78;12.7;536;28.7;-67;1.8;0;0;0
5.159;1.397;0.11;7.82;12.7;529;28.7;-79.3;1.6;0;0;0
5.179;1.397;0.11;8.08;12.7;512;28.7;-68.6;1.6;0;0;0
5.204;1.524;0.12;8.17;12.7;513;28.7;-81.8;1.7;0;0;0
5.221;1.524;0.12;8.08;12.7;519;28.7;-77.2;1.6;0;0;0
5.241;1.524;0.12;8;12.7;519;28.7;-67.7;1.8;0;0;0
5.259;1.524;0.12;7.93;12.7;539;28.7;-68.6;1.7;0;0;0
5.279;1.397;0.11;7.99;12.7;525;28.7;-68.6;1.7;0;0;0
5.303;1.524;0.12;8.29;12.7;514;28.7;-71.5;1.8;0;0;0
5.319;1.536;0.12;8.29;12.8;516;28.7;-68.6;1.8;0;0;0
5.341;1.536;0.12;8.22;12.8;518;28.7;-75.5;1.7;0;0;0
5.356;1.524;0.12;8.21;12.7;521;28.7;-67;1.8;0;0;0
5.38;1.536;0.12;8.05;12.8;538;28.7;-70.4;1.7;0;0;0
5.4;1.524;0.12;8.29;12.7;523;28.7;-70.4;1.7;0;0;0
5.42;1.664;0.13;8.49;12.8;517;28.7;-68.6;1.8;0;0;0
5.44;1.651;0.13;8.37;12.7;525;28.7;-75.5;1.9;0;0;0
5.459;1.536;0.12;8.43;12.8;520;28.7;-75.5;1.8;0;0;0
5.484;1.651;0.13;8.29;12.7;546;28.7;-68.6;1.8;0;0;0
5.504;1.524;0.12;8.28;12.7;531;28.7;-72.7;1.7;0;0;0
5.519;1.651;0.13;8.61;12.7;519;28.7;-68.6;1.7;0;0;0
5.539;1.651;0.13;8.69;12.7;519;28.7;-79.3;1.8;0;0;0
5.558;1.651;0.13;8.55;12.7;528;28.7;-77.2;1.8;0;0;0
5.579;1.664;0.13;8.53;12.8;518;28.7;-75.5;1.8;0;0;0
5.599;1.778;0.14;8.39;12.7;549;28.7;-67;1.8;0;0;0
5.621;1.536;0.12;8.48;12.8;529;28.7;-71.5;1.7;0;0;0
5.639;1.664;0.13;8.83;12.8;514;28.7;-72.7;1.8;0;0;0
5.658;1.778;0.14;8.87;12.7;516;28.7;-72.7;1.7;0;0;0
5.68;1.778;0.14;8.63;12.7;528;28.7;-71.5;1.7;0;0;0
5.701;1.651;0.13;8.68;12.7;525;28.7;-67.7;1.9;0;0;0
5.72;1.792;0.14;8.53;12.8;549;28.7;-77.2;1.7;0;0;0
5.74;1.664;0.13;8.72;12.8;526;28.7;-72.7;1.7;0;0;0
5.763;1.792;0.14;8.99;12.8;519;28.7;-68.6;1.9;0;0;0
5.786;1.778;0.14;8.9;12.7;531;28.7;-74;1.8;0;0;0
5.8;1.778;0.14;8.84;12.7;529;28.7;-68.6;1.7;0;0;0
5.819;1.792;0.14;8.74;12.8;535;28.7;-69.5;2;0;0;0
5.839;1.778;0.14;8.72;12.7;546;28.7;-67.7;1.7;0;0;0
5.861;1.651;0.13;8.97;12.7;521;28.7;-67;1.8;0;0;0
5.881;1.905;0.15;9.24;12.7;521;28.7;-77.2;1.8;0;0;0
5.904;1.792;0.14;8.88;12.8;538;28.7;-75.5;2;0;0;0
5.919;1.92;0.15;7.22;12.8;642;28.7;-79.3;3.4;0;0;0
5.943;2.032;0.16;5.34;12.7;902;28.7;-71.5;2.7;0;0;0
5.959;1.152;0.09;4.65;12.8;949;28.7;-72.7;2.7;0;0;0
5.979;1.397;0.11;4.81;12.7;1060;28.8;-67;3.6;0;0;0
6.001;1.27;0.1;3.19;12.7;1331;28.8;-70.4;3.6;0;0;0
6.021;8.382;0.66;9.8;12.7;1871;28.8;-77.2;9.3;0;0;0
6.039;5.08;0.4;6.24;12.7;2459;28.8;-79.3;4.6;0;0;0
6.064;0.508;0.04;1.59;12.7;2518;28.8;-81.8;3.6;0;0;0
6.082;0.127;0.01;0.41;12.7;2815;28.8;-67;5.9;0;0;0
6.104;0.384;0.03;0.76;12.8;3188;28.8;-71.5;4.8;0;0;0
6.12;0.254;0.02;0.69;12.7;3299;28.8;-79.3;4.1;0;0;0
6.144;0.381;0.03;1.05;12.7;3251;28.8;-67.7;3.8;0;0;0
6.159;1.143;0.09;2.7;12.7;3215;28.8;-68.6;4.3;0;0;0
6.182;1.524;0.12;3.05;12.7;3262;28.8;-67;4.7;0;0;0
6.204;1.143;0.09;2.43;12.7;3315;28.8;-68.6;3.8;0;0;0
6.222;1.27;0.1;2.96;12.7;3239;28.8;-79.3;4.4;0;0;0
6.24;1.664;0.13;3.21;12.8;3301;28.8;-77.2;4.8;0;0;0
6.26;0.896;0.07;1.93;12.8;3391;28.8;-70.4;4.3;0;0;0
6.284;0.762;0.06;1.65;12.7;3407;28.8;-72.7;4.1;0;0;0
6.304;1.016;0.08;2.31;12.7;3399;28.8;-67;4.4;0;0;0
6.319;1.152;0.09;2.44;12.8;3414;28.8;-68.6;4.5;0;0;0
6.339;1.024;0.08;2.11;12.8;3449;28.8;-77.2;4.4;0;0;0
6.359;0.889;0.07;2.05;12.7;3455;28.8;-77.2;4.2;0;0;0
6.381;1.143;0.09;2.45;12.7;3426;28.8;-67;4.2;0;0;0
6.403;1.143;0.09;2.61;12.7;3434;28.8;-67;4.5;0;0;0
6.421;1.016;0.08;2.18;12.7;3475;28.8;-67;4.4;0;0;0
6.439;0.889;0.07;1.87;12.7;3492;28.8;-67.7;4.3;0;0;0
6.459;0.889;0.07;1.99;12.7;3489;28.8;-68.6;4.3;0;0;0
6.485;1.024;0.08;2.35;12.8;3462;28.8;-77.2;4.2;0;0;0
6.501;1.152;0.09;2.46;12.8;3462;28.8;-75.5;4.4;0;0;0
6.52;1.016;0.08;2.32;12.7;3478;28.8;-68.6;4.4;0;0;0
6.54;0.889;0.07;2.07;12.7;3491;28.8;-67;4.4;0;0;0
6.562;1.024;0.08;2.18;12.8;3488;28.8;-77.2;4.3;0;0;0
6.579;1.016;0.08;2.33;12.7;3483;28.8;-75.5;4.4;0;0;0
6.602;1.152;0.09;2.38;12.8;3474;28.8;-69.5;4.2;0;0;0
6.625;1.016;0.08;2.41;12.7;3464;28.8;-72.7;4.2;0;0;0
6.64;1.143;0.09;2.43;12.7;3457;28.8;-70.4;4.2;0;0;0
6.66;1.152;0.09;2.41;12.8;3459;28.8;-75.5;4.3;0;0;0
6.681;1.016;0.08;2.33;12.7;3462;28.8;-72.7;4.3;0;0;0
6.7;1.143;0.09;2.46;12.7;3446;28.8;-70.4;4.3;0;0;0
6.719;1.27;0.1;2.66;12.7;3429;28.8;-85.3;4.3;0;0;0
6.739;1.27;0.1;2.7;12.7;3418;28.8;-67;4.4;0;0;0
6.761;1.152;0.09;2.45;12.8;3428;28.8;-75.5;4.3;0;0;0
6.784;1.024;0.08;2.2;12.8;3438;28.8;-79.3;4.3;0;0;0
6.799;1.024;0.08;2.29;12.8;3431;28.8;-69.5;4.3;0;0;0
6.82;1.016;0.08;2.29;12.7;3437;28.8;-69.5;4.3;0;0;0
6.841;1.016;0.08;2.26;12.7;3444;28.8;-70.4;4.3;0;0;0
6.861;1.024;0.08;2.25;12.8;3443;28.8;-68.6;4.3;0;0;0
6.884;1.016;0.08;2.31;12.7;3434;28.8;-68.6;4.2;0;0;0
6.9;1.016;0.08;2.26;12.7;3439;28.8;-67;4.2;0;0;0
6.924;1.016;0.08;2.2;12.7;3443;28.8;-79.3;4.2;0;0;0
6.94;1.016;0.08;2.31;12.7;3432;28.8;-70.4;4.2;0;0;0
6.96;1.016;0.08;2.35;12.7;3431;28.8;-67;4.3;0;0;0
6.984;1.016;0.08;2.35;12.7;3427;28.8;-67.7;4.3;0;0;0
7.001;1.016;0.08;2.19;12.7;3442;28.8;-75.5;4.3;0;0;0
7.021;0.889;0.07;1.98;12.7;3452;28.8;-77.2;4.2;0;0;0
7.042;0.896;0.07;1.99;12.8;3454;28.9;-79.3;4.2;0;0;0
7.064;0.896;0.07;2.08;12.8;3453;28.8;-75.5;4.2;0;0;0
7.084;1.024;0.08;2.24;12.8;3448;28.8;-70.4;4.3;0;0;0
7.1;1.024;0.08;2.25;12.8;3449;28.8;-68.6;4.3;0;0;0
7.124;1.016;0.08;2.16;12.7;3449;28.9;-71.5;4.3;0;0;0
7.14;0.889;0.07;2.1;12.7;3452;28.9;-67.7;4.2;0;0;0
7.159;0.889;0.07;2.11;12.7;3447;28.8;-67;4.2;0;0;0
7.182;1.016;0.08;2.27;12.7;3431;28.9;-67.7;4.1;0;0;0
7.199;1.024;0.08;2.35;12.8;3421;28.9;-68.6;4.2;0;0;0
7.221;1.016;0.08;2.41;12.7;3414;28.9;-72.7;4.2;0;0;0
7.24;1.016;0.08;2.32;12.7;3419;28.9;-67;4.3;0;0;0
7.269;1.024;0.08;2.19;12.8;3418;28.9;-69.5;4.2;0;0;0
7.279;0.889;0.07;2.08;12.7;3423;28.9;-72.7;4.2;0;0;0
7.3;1.016;0.08;2.24;12.7;3413;28.9;-67.7;4.2;0;0;0
7.319;1.016;0.08;2.32;12.7;3401;28.9;-79.3;4.2;0;0;0
7.341;1.024;0.08;2.43;12.8;3384;28.9;-75.5;4.2;0;0;0
7.361;1.152;0.09;2.45;12.8;3381;28.9;-68.6;4.3;0;0;0
7.382;1.016;0.08;2.41;12.7;3382;28.9;-68.6;4.3;0;0;0
7.402;1.016;0.08;2.37;12.7;3381;28.9;-70.4;4.3;0;0;0
7.425;1.143;0.09;2.46;12.7;3369;28.9;-74;4.1;0;0;0
7.439;1.016;0.08;2.46;12.7;3360;28.9;-81.8;4.3;0;0;0
7.46;1.143;0.09;2.57;12.7;3350;28.9;-67;4.3;0;0;0
7.479;1.143;0.09;2.45;12.7;3353;28.9;-72.7;4.3;0;0;0
7.505;1.024;0.08;2.25;12.8;3365;28.9;-77.2;4.1;0;0;0
7.52;0.889;0.07;2.03;12.7;3374;28.9;-70.4;4.2;0;0;0
7.539;0.889;0.07;2.1;12.7;3374;28.9;-68.6;4.1;0;0;0
7.559;0.896;0.07;2.18;12.8;3374;28.9;-79.3;4.2;0;0;0
7.584;1.016;0.08;2.2;12.7;3373;28.9;-79.3;4.2;0;0;0
7.602;1.024;0.08;2.24;12.8;3372;28.9;-77.2;4.2;0;0;0
7.622;1.016;0.08;2.26;12.7;3363;28.9;-75.5;4.2;0;0;0
7.639;1.016;0.08;2.3;12.7;3366;28.9;-75.5;4.2;0;0;0
7.661;1.024;0.08;2.21;12.8;3366;28.9;-75.5;4.1;0;0;0
7.682;1.008;0.08;2.24;12.6;3359;28.9;-67;4.2;0;0;0
7.704;1.024;0.08;2.26;12.8;3365;28.9;-70.4;4.3;0;0;0
7.719;0.896;0.07;2.17;12.8;3371;28.9;-68.6;4.3;0;0;0
7.741;0.889;0.07;2;12.7;3386;28.9;-67.7;4.2;0;0;0
7.758;0.889;0.07;1.98;12.7;3387;28.9;-67;4.2;0;0;0
7.779;0.896;0.07;2.07;12.8;3382;28.9;-65.5;4.1;0;0;0
7.804;1.016;0.08;2.23;12.7;3368;28.9;-71.5;4.1;0;0;0
7.822;1.016;0.08;2.21;12.7;3369;28.9;-75.5;4.1;0;0;0
7.844;0.889;0.07;2.11;12.7;3378;28.9;-67;4.2;0;0;0
7.86;0.896;0.07;2.11;12.8;3376;28.9;-75.5;4.1;0;0;0
7.882;0.889;0.07;2.09;12.7;3377;28.9;-70.4;4.2;0;0;0
7.901;0.889;0.07;2.14;12.7;3376;28.9;-67;4.2;0;0;0
7.919;1.016;0.08;2.23;12.7;3367;28.9;-68.6;4.1;0;0;0
7.941;1.024;0.08;2.46;12.8;3337;28.9;-68.6;4.2;0;0;0
7.959;1.152;0.09;2.49;12.8;3338;28.9;-77.2;4.2;0;0;0
7.981;1.024;0.08;2.3;12.8;3338;28.9;-70.4;4.1;0;0;0
8.001;0.896;0.07;2.17;12.8;3336;28.9;-79.3;4;0;0;0
8.021;9.017;0.71;9.51;12.7;3572;28.9;-67.7;10.7;0;0;0
8.044;6.858;0.54;7.15;12.7;4141;28.9;-68.6;4.4;0;0;0
8.06;0.889;0.07;2.01;12.7;3992;28.9;-67;4.4;0;0;0
8.079;1.024;0.08;2.02;12.8;4089;28.9;-71.5;7.3;0;0;0
8.101;0.508;0.04;0.64;12.7;4552;28.9;-69.5;6.9;0;0;0
8.119;0.64;0.05;1;12.8;4694;28.9;-67.7;5.4;0;0;0
8.14;0.384;0.03;0.72;12.8;4596;28.9;-67.7;4.4;0;0;0
8.16;1.28;0.1;2.48;12.8;4424;28.9;-67.7;5;0;0;0
8.182;2.032;0.16;3.54;12.7;4393;28.9;-67;5.7;0;0;0
8.199;1.536;0.12;2.58;12.8;4424;28.9;-75.5;5.4;0;0;0
8.219;1.016;0.08;1.92;12.7;4423;28.9;-68.6;5.1;0;0;0
8.239;1.28;0.1;2.33;12.8;4375;28.9;-69.5;5.1;0;0;0
8.263;1.524;0.12;2.7;12.7;4343;28.9;-79.3;5.3;0;0;0
8.282;1.408;0.11;2.45;12.8;4347;28.9;-77.2;5.3;0;0;0
8.302;1.27;0.1;2.28;12.7;4342;28.9;-67;5.1;0;0;0
8.32;1.27;0.1;2.37;12.7;4320;28.9;-79.3;5.1;0;0;0
8.34;1.408;0.11;2.56;12.8;4299;28.9;-69.5;5.2;0;0;0
8.361;1.408;0.11;2.5;12.8;4302;28.9;-79.3;5.2;0;0;0
8.384;1.28;0.1;2.36;12.8;4292;28.9;-79.3;5.1;0;0;0
8.399;1.27;0.1;2.4;12.7;4284;28.9;-67.7;5.1;0;0;0
8.421;1.28;0.1;2.42;12.8;4280;28.9;-68.6;5.2;0;0;0
8.441;1.397;0.11;2.44;12.7;4273;28.9;-67;5.1;0;0;0
8.466;1.27;0.1;2.37;12.7;4267;28.9;-68.6;5.1;0;0;0
8.482;1.27;0.1;2.46;12.7;4258;28.9;-72.7;5;0;0;0
8.504;1.408;0.11;2.53;12.8;4249;28.9;-71.5;5.1;0;0;0
8.521;1.397;0.11;2.71;12.7;4226;29;-67;5.2;0;0;0
8.543;1.524;0.12;2.85;12.7;4211;28.9;-68.6;5.1;0;0;0
8.562;1.408;0.11;2.67;12.8;4215;28.9;-68.6;5.1;0;0;0
8.582;1.397;0.11;2.53;12.7;4209;29;-67.7;5.1;0;0;0
8.599;1.397;0.11;2.56;12.7;4205;29;-68.6;5.1;0;0;0
8.624;1.397;0.11;2.56;12.7;4201;29;-81.8;5.1;0;0;0
8.642;1.408;0.11;2.55;12.8;4198;29;-68.6;5.1;0;0;0
8.663;1.408;0.11;2.5;12.8;4205;29;-70.4;5.1;0;0;0
8.684;1.408;0.11;2.57;12.8;4194;29;-77.2;5;0;0;0
8.704;1.408;0.11;2.48;12.8;4200;29;-75.5;5.2;0;0;0
8.721;1.408;0.11;2.58;12.8;4191;29;-68.6;5.2;0;0;0
8.744;1.397;0.11;2.6;12.7;4192;29;-69.5;5.1;0;0;0
8.764;1.28;0.1;2.33;12.8;4207;29;-67;5.1;0;0;0
8.786;1.27;0.1;2.37;12.7;4205;29;-68.6;5;0;0;0
8.799;1.28;0.1;2.4;12.8;4201;29;-68.6;5;0;0;0
8.821;1.27;0.1;2.46;12.7;4201;29;-72.7;5.1;0;0;0
8.844;1.397;0.11;2.47;12.7;4202;29;-70.4;5.1;0;0;0
8.864;1.28;0.1;2.3;12.8;4216;29;-68.6;5.2;0;0;0
8.881;1.27;0.1;2.26;12.7;4218;29;-67;5.1;0;0;0
8.901;1.28;0.1;2.29;12.8;4218;29;-71.5;5.1;0;0;0
8.92;1.408;0.11;2.49;12.8;4204;29;-68.6;5.1;0;0;0
8.941;1.397;0.11;2.53;12.7;4206;29;-67.7;5.1;0;0;0
8.964;1.143;0.09;2.2;12.7;4227;29;-74;5.1;0;0;0
8.985;1.152;0.09;2.24;12.8;4224;29;-77.2;5;0;0;0
9.002;1.28;0.1;2.32;12.8;4220;29;-79.3;5;0;0;0
9.022;1.27;0.1;2.43;12.7;4211;29;-67.7;5.1;0;0;0
9.044;1.408;0.11;2.61;12.8;4200;29;-68.6;5;0;0;0
9.064;1.408;0.11;2.53;12.8;4197;29;-75.5;5.2;0;0;0
9.081;1.408;0.11;2.57;12.8;4189;29;-70.4;5;0;0;0
9.105;1.397;0.11;2.66;12.7;4177;29;-70.4;5;0;0;0
9.126;1.651;0.13;3;12.7;4137;29;-79.3;5;0;0;0
9.139;1.651;0.13;2.92;12.7;4142;29;-67.7;5.2;0;0;0
9.164;1.408;0.11;2.59;12.8;4163;29;-71.5;5.1;0;0;0
9.184;1.408;0.11;2.5;12.8;4153;29;-72.7;5;0;0;0
9.201;1.408;0.11;2.61;12.8;4146;29;-68.6;5;0;0;0
9.226;1.397;0.11;2.59;12.7;4147;29;-69.5;5.1;0;0;0
9.244;1.397;0.11;2.68;12.7;4143;29;-69.5;5;0;0;0
9.264;1.397;0.11;2.53;12.7;4152;29;-85.3;5.1;0;0;0
9.284;1.27;0.1;2.4;12.7;4157;29;-85.3;5.1;0;0;0
9.303;1.28;0.1;2.47;12.8;4155;29;-68.6;5;0;0;0
9.32;1.408;0.11;2.59;12.8;4146;29;-69.5;5;0;0;0
9.342;1.408;0.11;2.58;12.8;4149;29;-68.6;5.1;0;0;0
9.364;1.28;0.1;2.39;12.8;4168;29;-68.6;5.1;0;0;0
9.384;1.27;0.1;2.31;12.7;4169;29;-72.7;5;0;0;0
9.404;1.28;0.1;2.35;12.8;4171;29;-77.2;5;0;0;0
9.424;1.27;0.1;2.28;12.7;4182;29;-72.7;5.1;0;0;0
9.444;1.27;0.1;2.33;12.7;4181;29;-72.7;5;0;0;0
9.459;1.28;0.1;2.31;12.8;4185;29;-77.2;5;0;0;0
9.481;1.152;0.09;2.26;12.8;4191;29;-77.2;5.1;0;0;0
9.5;1.28;0.1;2.4;12.8;4182;29;-70.4;5;0;0;0
9.524;1.27;0.1;2.49;12.7;4178;29;-67.7;5.1;0;0;0
9.539;1.27;0.1;2.43;12.7;4183;29;-65.5;5.2;0;0;0
9.57;1.28;0.1;2.27;12.8;4193;29;-68.6;5.1;0;0;0
9.586;1.28;0.1;2.28;12.8;4188;29;-79.3;5;0;0;0
9.604;1.27;0.1;2.41;12.7;4182;29;-67;5.1;0;0;0
9.624;1.408;0.11;2.5;12.8;4180;29;-77.2;5.1;0;0;0
9.644;1.397;0.11;2.56;12.7;4170;29;-70.4;5;0;0;0
9.661;1.28;0.1;2.5;12.8;4168;29;-79.3;5;0;0;0
9.68;1.397;0.11;2.54;12.7;4160;29;-67;5;0;0;0
9.704;1.524;0.12;2.84;12.7;4129;29;-67.7;5;0;0;0
9.724;1.524;0.12;2.9;12.7;4120;29;-68.6;5;0;0;0
9.74;1.536;0.12;2.76;12.8;4123;29;-69.5;5.1;0;0;0
9.765;1.408;0.11;2.52;12.8;4137;29;-70.4;5.1;0;0;0
9.784;1.28;0.1;2.35;12.8;4145;29;-67;5;0;0;0
9.802;1.28;0.1;2.46;12.8;4135;29;-75.5;5;0;0;0
9.824;1.397;0.11;2.54;12.7;4132;29;-79.3;5.1;0;0;0
9.84;1.397;0.11;2.5;12.7;4140;29;-67.7;5.1;0;0;0
9.86;1.27;0.1;2.36;12.7;4147;29;-66.2;5;0;0;0
9.882;1.27;0.1;2.35;12.7;4148;29;-67;5.1;0;0;0
9.901;1.408;0.11;2.52;12.8;4139;29;-70.4;5;0;0;0
9.922;1.397;0.11;2.71;12.7;4124;29;-67.7;5;0;0;0
9.942;1.397;0.11;2.58;12.7;4131;29;-74;5.1;0;0;0
9.964;1.27;0.1;2.43;12.7;4140;29;-71.5;5;0;0;0
9.989;1.143;0.09;2.24;12.7;4153;29;-67;5.1;0;0;0
10.009;1.28;0.1;2.35;12.8;4151;29;-85.3;5;0;0;0
10.029;15.24;1.2;13.45;12.7;4662;29;-67.7;10.1;0;0;0
10.047;4.445;0.35;5.53;12.7;4792;29;-67.7;5.8;0;0;0
10.061;1.408;0.11;2.34;12.8;4807;29;-71.5;5.9;0;0;0
10.084;0;0;0.09;12.8;5154;29;-77.2;8.6;0;0;0
10.103;0.896;0.07;0.98;12.8;5481;29;-69.5;7.5;0;0;0
10.122;0.635;0.05;0.91;12.7;5569;29;-67.7;6.2;0;0;0
10.139;0.512;0.04;0.9;12.8;5454;29;-68.6;5.2;0;0;0
10.166;2.032;0.16;3.21;12.7;5236;29.1;-72.7;6.2;0;0;0
10.184;2.667;0.21;3.84;12.7;5230;29;-72.7;6.6;0;0;0
10.204;1.905;0.15;2.8;12.7;5256;29;-70.4;6.1;0;0;0
10.225;1.651;0.13;2.67;12.7;5201;29.1;-79.3;5.8;0;0;0
10.246;2.159;0.17;3.28;12.7;5131;29.1;-67;6.1;0;0;0
10.266;2.159;0.17;3.15;12.7;5135;29.1;-67;6.3;0;0;0
10.279;1.778;0.14;2.75;12.7;5137;29.1;-79.3;6.1;0;0;0
10.304;1.792;0.14;2.64;12.8;5127;29.1;-77.2;6.1;0;0;0
10.326;1.792;0.14;2.66;12.8;5115;29.1;-69.5;6.1;0;0;0
10.343;1.792;0.14;2.77;12.8;5110;29.1;-70.4;6.1;0;0;0
10.362;1.651;0.13;2.58;12.7;5112;29.1;-68.6;6.1;0;0;0
10.384;1.778;0.14;2.66;12.7;5104;29.1;-79.3;6;0;0;0
10.405;1.778;0.14;2.86;12.7;5083;29.1;-75.5;6.1;0;0;0
10.42;1.92;0.15;2.86;12.8;5079;29.1;-72.7;6.2;0;0;0
10.441;1.778;0.14;2.62;12.7;5096;29.1;-70.4;6.2;0;0;0
10.462;1.664;0.13;2.53;12.8;5094;29.1;-71.5;6;0;0;0
10.489;1.651;0.13;2.64;12.7;5083;29.1;-70.4;6.2;0;0;0
10.499;1.792;0.14;2.68;12.8;5085;29.1;-68.6;6.2;0;0;0
10.524;1.651;0.13;2.55;12.7;5096;29.1;-75.5;6.2;0;0;0
10.542;1.651;0.13;2.49;12.7;5095;29.1;-79.3;6.1;0;0;0
10.563;1.638;0.13;2.62;12.6;5079;29.1;-67.7;6.1;0;0;0
10.584;1.778;0.14;2.79;12.7;5076;29.1;-72.7;6.1;0;0;0
10.601;1.792;0.14;2.71;12.8;5077;29.1;-79.3;6.1;0;0;0
10.626;1.664;0.13;2.61;12.8;5078;29.1;-67;6.1;0;0;0
10.644;1.778;0.14;2.69;12.7;5073;29.1;-85.3;6;0;0;0
10.661;1.778;0.14;2.85;12.7;5056;29.1;-67.7;6.1;0;0;0
10.681;1.92;0.15;2.85;12.8;5051;29.1;-75.5;6.1;0;0;0
10.704;1.905;0.15;2.89;12.7;5045;29.1;-70.4;6.1;0;0;0
10.724;1.89;0.15;3.02;12.6;5029;29.1;-79.3;6;0;0;0
10.745;1.905;0.15;2.98;12.7;5022;29.1;-68.6;6.1;0;0;0
10.764;1.778;0.14;2.77;12.7;5034;29.1;-72.7;6.2;0;0;0
10.779;1.664;0.13;2.57;12.8;5044;29.1;-67;6.1;0;0;0
10.802;1.651;0.13;2.49;12.7;5051;29.1;-67;6.1;0;0;0
10.824;1.664;0.13;2.65;12.8;5046;29.1;-74;6;0;0;0
10.844;1.792;0.14;2.75;12.8;5048;29.1;-70.4;6.1;0;0;0
10.864;1.778;0.14;2.74;12.7;5045;29.1;-67.7;6;0;0;0
10.884;1.792;0.14;2.72;12.8;5044;29.1;-77.2;6;0;0;0
10.903;1.778;0.14;2.78;12.7;5039;29.1;-72.7;6.1;0;0;0
10.921;1.792;0.14;2.65;12.8;5050;29.1;-67;6.1;0;0;0
10.944;1.536;0.12;2.43;12.8;5068;29.1;-67.7;6.1;0;0;0
10.964;1.536;0.12;2.45;12.8;5071;29.1;-79.3;6.1;0;0;0
10.981;1.651;0.13;2.58;12.7;5066;29.1;-67;6;0;0;0
11.004;1.651;0.13;2.6;12.7;5067;29.1;-75.5;6.1;0;0;0
11.022;1.664;0.13;2.61;12.8;5074;29.1;-68.6;6;0;0;0
11.048;1.778;0.14;2.73;12.7;5060;29.1;-67;6;0;0;0
11.059;1.905;0.15;2.93;12.7;5042;29.1;-72.7;6;0;0;0
11.082;1.905;0.15;2.98;12.7;5038;29.1;-67.7;6.2;0;0;0
11.105;1.792;0.14;2.75;12.8;5048;29.1;-75.5;6.1;0;0;0
11.124;1.778;0.14;2.73;12.7;5040;29.1;-85.3;5.9;0;0;0
11.14;1.778;0.14;2.86;12.7;5030;29.1;-65.5;6;0;0;0
11.164;1.92;0.15;2.96;12.8;5021;29.1;-70.4;6;0;0;0
11.186;1.92;0.15;2.85;12.8;5024;29.1;-77.2;6.1;0;0;0
11.204;1.778;0.14;2.8;12.7;5023;29.1;-68.6;6;0;0;0
11.221;1.92;0.15;2.93;12.8;5005;29.1;-67.7;5.9;0;0;0
11.244;1.905;0.15;2.98;12.7;5004;29.1;-81.8;6.1;0;0;0
11.264;1.778;0.14;2.65;12.7;5031;29.1;-79.3;6.1;0;0;0
11.284;1.524;0.12;2.45;12.7;5044;29.1;-67;6.1;0;0;0
11.301;1.651;0.13;2.58;12.7;5038;29.1;-67.7;6;0;0;0
11.324;1.778;0.14;2.68;12.7;5033;29.1;-67.7;6.1;0;0;0
11.344;1.792;0.14;2.73;12.8;5042;29.1;-69.5;6.1;0;0;0
11.364;1.651;0.13;2.62;12.7;5047;29.1;-79.3;6.1;0;0;0
11.384;1.651;0.13;2.58;12.7;5046;29.1;-68.6;6;0;0;0
11.404;1.778;0.14;2.66;12.7;5048;29.1;-79.3;6.1;0;0;0
11.424;1.664;0.13;2.62;12.8;5052;29.1;-67.7;6.1;0;0;0
11.445;1.651;0.13;2.5;12.7;5060;29.1;-67;6.1;0;0;0
11.462;1.677;0.13;2.52;12.9;5064;29.1;-70.4;6.1;0;0;0
11.482;1.792;0.14;2.66;12.8;5057;29.1;-77.2;6;0;0;0
11.502;1.651;0.13;2.58;12.7;5060;29.1;-70.4;6.1;0;0;0
11.524;1.651;0.13;2.61;12.7;5063;29.1;-75.5;6.1;0;0;0
11.544;1.792;0.14;2.8;12.8;5050;29.1;-67;6;0;0;0
11.564;1.92;0.15;2.91;12.8;5028;29.1;-69.5;6.1;0;0;0
11.582;1.92;0.15;2.94;12.8;5034;29.1;-68.6;6.1;0;0;0
11.605;1.778;0.14;2.74;12.7;5040;29.1;-75.5;6.1;0;0;0
11.624;1.778;0.14;2.74;12.7;5034;29.1;-74;6;0;0;0
11.648;1.778;0.14;2.81;12.7;5022;29.1;-68.6;6;0;0;0
11.662;1.778;0.14;2.83;12.7;5023;29.1;-79.3;6;0;0;0
11.684;1.778;0.14;2.79;12.7;5024;29.1;-75.5;6;0;0;0
11.702;1.778;0.14;2.77;12.7;5023;29.1;-67;6.1;0;0;0
11.722;1.905;0.15;2.85;12.7;5018;29.1;-69.5;6;0;0;0
11.745;1.778;0.14;2.71;12.7;5028;29.1;-67.7;6.1;0;0;0
11.764;1.651;0.13;2.55;12.7;5037;29.1;-68.6;6.1;0;0;0
11.784;1.651;0.13;2.62;12.7;5040;29.1;-72.7;6;0;0;0
11.804;1.778;0.14;2.75;12.7;5026;29.1;-77.2;6;0;0;0
11.824;1.778;0.14;2.79;12.7;5026;29.1;-79.3;6.1;0;0;0
11.841;1.778;0.14;2.71;12.7;5035;29.1;-72.7;6.1;0;0;0
11.866;1.651;0.13;2.6;12.7;5043;29.1;-75.5;6;0;0;0
11.884;1.664;0.13;2.64;12.8;5037;29.1;-68.6;6;0;0;0
11.899;1.792;0.14;2.73;12.8;5035;29.1;-72.7;6.1;0;0;0
11.922;1.651;0.13;2.62;12.7;5046;29.1;-77.2;6.1;0;0;0
11.944;1.651;0.13;2.48;12.7;5054;29.1;-85.3;6.1;0;0;0
11.964;1.651;0.13;2.55;12.7;5058;29.1;-67.7;6.1;0;0;0
11.982;1.778;0.14;2.66;12.7;5047;29.1;-67;6;0;0;0
12.001;1.778;0.14;2.72;12.7;5045;29.1;-71.5;6.1;0;0;0
12.022;12.954;1.02;10.86;12.7;5365;29.1;-75.5;12.7;0;0;0
12.044;7.168;0.56;6.34;12.8;5805;29.1;-70.4;6.3;0;0;0
12.064;1.524;0.12;2.2;12.7;5717;29.1;-81.8;6.9;0;0;0
12.084;0.889;0.07;1.02;12.7;5988;29.2;-70.4;8.6;0;0;0
12.1;0.512;0.04;0.61;12.8;6176;29.1;-75.5;7.9;0;0;0
12.125;0.762;0.06;1.02;12.7;6198;29.2;-72.7;6.1;0;0;0
12.144;1.905;0.15;2.73;12.7;6025;29.2;-70.4;6.8;0;0;0
12.164;3.175;0.25;4.04;12.7;5998;29.1;-72.7;7.5;0;0;0
12.184;2.432;0.19;3.08;12.8;6051;29.2;-68.6;7.4;0;0;0
12.2;2.286;0.18;2.91;12.7;6030;29.2;-68.6;6.7;0;0;0
12.224;2.794;0.22;3.8;12.7;5914;29.2;-68.6;7.1;0;0;0
12.246;2.816;0.22;3.46;12.8;5980;29.2;-68.6;7.6;0;0;0
12.265;1.778;0.14;2.28;12.7;6032;29.2;-67;7.1;0;0;0
12.283;1.778;0.14;2.34;12.7;6016;29.2;-74;6.9;0;0;0
12.304;2.304;0.18;3;12.8;5979;29.2;-69.5;7.1;0;0;0
12.324;2.432;0.19;3.14;12.8;5979;29.2;-71.5;7.2;0;0;0
12.341;2.286;0.18;2.98;12.7;5986;29.2;-67;7.1;0;0;0
12.361;2.304;0.18;3.04;12.8;5968;29.2;-77.2;7.1;0;0;0
12.384;2.304;0.18;2.97;12.8;5983;29.2;-68.6;7.2;0;0;0
12.406;2.032;0.16;2.63;12.7;6004;29.2;-65.5;7.2;0;0;0
12.424;2.159;0.17;2.82;12.7;5987;29.2;-67;7;0;0;0
12.441;2.413;0.19;3.27;12.7;5953;29.2;-67.7;7;0;0;0
12.461;2.667;0.21;3.44;12.7;5942;29.2;-67;7.2;0;0;0
12.484;2.413;0.19;3.16;12.7;5953;29.2;-70.4;7.2;0;0;0
12.501;2.159;0.17;2.85;12.7;5967;29.2;-67.7;7.1;0;0;0
12.529;2.286;0.18;2.94;12.7;5958;29.2;-72.7;7.1;0;0;0
12.545;2.413;0.19;3.12;12.7;5952;29.2;-67.7;7.2;0;0;0
12.564;2.286;0.18;2.98;12.7;5959;29.2;-67;7.1;0;0;0
12.581;2.304;0.18;2.93;12.8;5959;29.2;-77.2;7.1;0;0;0
12.609;2.304;0.18;3.03;12.8;5960;29.2;-67.7;7.1;0;0;0
12.624;2.286;0.18;2.91;12.7;5960;29.2;-72.7;7.2;0;0;0
12.644;2.286;0.18;2.9;12.7;5965;29.2;-67;7.2;0;0;0
12.661;2.286;0.18;2.89;12.7;5970;29.2;-65.5;7.2;0;0;0
12.685;2.286;0.18;2.9;12.7;5970;29.2;-68.6;7.1;0;0;0
12.701;2.176;0.17;2.8;12.8;5981;29.2;-68.6;7.1;0;0;0
12.723;2.176;0.17;2.86;12.8;5976;29.2;-67;7.1;0;0;0
12.749;2.304;0.18;2.98;12.8;5976;29.2;-67.7;7.2;0;0;0
12.764;2.286;0.18;2.88;12.7;5978;29.2;-72.7;7.2;0;0;0
12.781;2.159;0.17;2.9;12.7;5981;29.2;-70.4;7.1;0;0;0
12.802;2.304;0.18;2.97;12.8;5975;29.2;-75.5;7.1;0;0;0
12.82;2.304;0.18;3.04;12.8;5969;29.2;-68.6;7.1;0;0;0
12.844;2.413;0.19;3.18;12.7;5953;29.2;-75.5;7.1;0;0;0
12.864;2.54;0.2;3.3;12.7;5935;29.2;-67.7;7.1;0;0;0
12.884;2.56;0.2;3.33;12.8;5932;29.2;-75.5;7.2;0;0;0
12.904;2.432;0.19;3.06;12.8;5948;29.2;-75.5;7.2;0;0;0
12.929;2.286;0.18;2.91;12.7;5957;29.2;-67;7.1;0;0;0
12.949;2.304;0.18;2.92;12.8;5955;29.2;-70.4;7.1;0;0;0
12.964;2.286;0.18;2.96;12.7;5955;29.2;-69.5;7.2;0;0;0
12.982;2.286;0.18;2.94;12.7;5963;29.2;-72.7;7.1;0;0;0
13.001;2.286;0.18;3.05;12.7;5955;29.2;-70.4;7.1;0;0;0
13.025;2.304;0.18;3.04;12.8;5953;29.2;-67.7;7.2;0;0;0
13.044;2.159;0.17;2.81;12.7;5974;29.2;-69.5;7.2;0;0;0
13.063;2.048;0.16;2.69;12.8;5988;29.2;-72.7;7.2;0;0;0
13.084;2.032;0.16;2.72;12.7;5987;29.2;-77.2;7.1;0;0;0
13.104;2.176;0.17;2.8;12.8;5990;29.2;-67.7;7.2;0;0;0
13.125;2.159;0.17;2.84;12.7;5991;29.2;-74;7.2;0;0;0
13.146;2.286;0.18;2.99;12.7;5977;29.2;-74;7.1;0;0;0
13.161;2.432;0.19;3.09;12.8;5977;29.2;-70.4;7.1;0;0;0
13.181;2.286;0.18;3.01;12.7;5980;29.2;-70.4;7.2;0;0;0
13.2;2.286;0.18;3;12.7;5977;29.2;-67.7;7.1;0;0;0
13.226;2.432;0.19;3.09;12.8;5960;29.2;-67;7.1;0;0;0
13.244;2.413;0.19;3.21;12.7;5954;29.2;-67.7;7.2;0;0;0
13.264;2.54;0.2;3.3;12.7;5944;29.2;-79.3;7.1;0;0;0
13.284;2.54;0.2;3.31;12.7;5932;29.2;-69.5;7.1;0;0;0
13.3;2.54;0.2;3.22;12.7;5932;29.2;-67;7.2;0;0;0
13.321;2.304;0.18;3.01;12.8;5947;29.2;-70.4;7.2;0;0;0
13.341;2.176;0.17;2.81;12.8;5962;29.2;-77.2;7.1;0;0;0
13.365;2.159;0.17;2.8;12.7;5967;29.2;-75.5;7.2;0;0;0
13.381;2.286;0.18;2.93;12.7;5968;29.2;-68.6;7.2;0;0;0
13.404;2.286;0.18;2.94;12.7;5968;29.2;-75.5;7.2;0;0;0
13.425;2.286;0.18;3.04;12.7;5962;29.2;-68.6;7.2;0;0;0
13.444;2.304;0.18;2.93;12.8;5976;29.2;-75.5;7.2;0;0;0
13.464;2.159;0.17;2.72;12.7;5992;29.2;-67;7.2;0;0;0
13.484;2.176;0.17;2.72;12.8;5994;29.2;-79.3;7.1;0;0;0
13.501;2.176;0.17;2.79;12.8;5993;29.2;-75.5;7.2;0;0;0
13.524;2.159;0.17;2.8;12.7;6002;29.2;-72.7;7.2;0;0;0
13.54;2.176;0.17;2.86;12.8;5998;29.2;-77.2;7.1;0;0;0
13.561;2.304;0.18;2.96;12.8;5987;29.2;-77.2;7;0;0;0
13.581;2.432;0.19;3.05;12.8;5981;29.2;-68.6;7.1;0;0;0
13.605;2.286;0.18;2.96;12.7;5988;29.2;-65.5;7.2;0;0;0
13.62;2.286;0.18;2.96;12.7;5984;29.2;-77.2;7.1;0;0;0
13.644;2.286;0.18;3.06;12.7;5974;29.2;-77.2;7.1;0;0;0
13.664;2.413;0.19;3.16;12.7;5967;29.2;-67;7.2;0;0;0
13.684;2.413;0.19;3.14;12.7;5963;29.2;-67.7;7.1;0;0;0
13.704;2.432;0.19;3.16;12.8;5955;29.2;-70.4;7.1;0;0;0
13.724;2.413;0.19;3.07;12.7;5961;29.2;-67;7.3;0;0;0
13.744;2.304;0.18;2.91;12.8;5973;29.2;-68.6;7.1;0;0;0
13.764;2.159;0.17;2.86;12.7;5974;29.2;-68.6;7.1;0;0;0
13.781;2.286;0.18;2.94;12.7;5969;29.2;-68.6;7.1;0;0;0
13.804;2.286;0.18;2.97;12.7;5973;29.2;-85.3;7.1;0;0;0
13.82;2.304;0.18;2.96;12.8;5971;29.2;-68.6;7.1;0;0;0
13.844;2.286;0.18;2.93;12.7;5978;29.2;-77.2;7.2;0;0;0
13.864;2.176;0.17;2.82;12.8;5989;29.2;-71.5;7.2;0;0;0
13.884;2.176;0.17;2.78;12.8;5994;29.2;-70.4;7.2;0;0;0
13.905;2.159;0.17;2.83;12.7;5994;29.2;-67;7.2;0;0;0
13.924;2.304;0.18;2.9;12.8;5994;29.2;-91;7.1;0;0;0
13.943;2.286;0.18;2.89;12.7;5993;29.2;-75.5;7.1;0;0;0
13.964;2.304;0.18;3.03;12.8;5982;29.2;-71.5;7;0;0;0
13.984;2.432;0.19;3.18;12.8;5968;29.2;-72.7;7.1;0;0;0
14.004;2.432;0.19;3.11;12.8;5972;29.2;-70.4;7.2;0;0;0
14.02;14.097;1.11;11.07;12.7;6132;29.2;-68.6;13.5;0;0;0
14.045;11.392;0.89;8.68;12.8;6707;29.2;-91;7.3;0;0;0
14.061;2.286;0.18;2.88;12.7;6603;29.2;-70.4;7.6;0;0;0
14.084;1.408;0.11;1.59;12.8;6893;29.2;-67.7;10.6;0;0;0
14.1;1.024;0.08;0.97;12.8;7182;29.2;-70.4;9.5;0;0;0
14.121;1.024;0.08;1.08;12.8;7274;29.2;-67.7;7.8;0;0;0
14.144;1.664;0.13;2.01;12.8;7071;29.2;-70.4;7.8;0;0;0
14.164;3.556;0.28;4.04;12.7;7013;29.2;-70.4;8.5;0;0;0
14.184;3.2;0.25;3.43;12.8;7047;29.2;-70.4;8.5;0;0;0
14.204;3.302;0.26;3.9;12.7;6953;29.2;-81.8;7.4;0;0;0
14.221;4.064;0.32;4.71;12.7;6852;29.2;-77.2;8.4;0;0;0
14.244;3.683;0.29;3.98;12.7;6932;29.2;-67.7;8.8;0;0;0
14.259;2.159;0.17;2.42;12.7;6991;29.3;-72.7;8.4;0;0;0
14.285;2.048;0.16;2.34;12.8;6986;29.3;-72.7;8.1;0;0;0
14.3;2.54;0.2;2.87;12.7;6973;29.2;-72.7;8.2;0;0;0
14.325;2.816;0.22;3.15;12.8;6965;29.3;-67;8.2;0;0;0
14.349;2.944;0.23;3.34;12.8;6946;29.3;-69.5;8.3;0;0;0
14.362;2.921;0.23;3.2;12.7;6949;29.3;-68.6;8.3;0;0;0
14.381;2.816;0.22;3.11;12.8;6956;29.3;-79.3;8.2;0;0;0
14.406;2.816;0.22;3.19;12.8;6937;29.3;-70.4;8.1;0;0;0
14.42;3.2;0.25;3.57;12.8;6915;29.3;-77.2;8;0;0;0
14.445;3.302;0.26;3.68;12.7;6894;29.3;-67;8.3;0;0;0
14.464;3.048;0.24;3.35;12.7;6911;29.2;-67.7;8.4;0;0;0
14.486;2.646;0.21;3.02;12.6;6931;29.2;-67;8.3;0;0;0
14.504;2.667;0.21;3.03;12.7;6929;29.3;-74;8.2;0;0;0
14.524;2.794;0.22;3.18;12.7;6920;29.3;-85.3;8.2;0;0;0
14.544;2.816;0.22;3.16;12.8;6927;29.3;-67;8.3;0;0;0
14.561;2.816;0.22;3.12;12.8;6930;29.3;-77.2;8.1;0;0;0
14.581;2.794;0.22;3.11;12.7;6932;29.3;-67;8.3;0;0;0
14.604;2.794;0.22;3.08;12.7;6936;29.3;-81.8;8.3;0;0;0
14.629;2.816;0.22;3.09;12.8;6936;29.3;-72.7;8.2;0;0;0
14.644;2.816;0.22;3.25;12.8;6930;29.3;-72.7;8.2;0;0;0
14.661;3.024;0.24;3.35;12.6;6923;29.3;-72.7;8.2;0;0;0
14.682;3.048;0.24;3.5;12.7;6901;29.3;-68.6;8.1;0;0;0
14.704;3.2;0.25;3.54;12.8;6893;29.3;-70.4;8.3;0;0;0
14.724;3.072;0.24;3.38;12.8;6902;29.3;-79.3;8.3;0;0;0
14.745;2.794;0.22;3.18;12.7;6914;29.3;-67;8.2;0;0;0
14.762;2.794;0.22;3.21;12.7;6907;29.3;-67;8.2;0;0;0
14.782;2.921;0.23;3.27;12.7;6906;29.3;-67;8.3;0;0;0
14.803;2.944;0.23;3.29;12.8;6906;29.3;-75.5;8.2;0;0;0
14.822;2.944;0.23;3.27;12.8;6906;29.3;-79.3;8.2;0;0;0
14.846;2.772;0.22;3.15;12.6;6917;29.3;-67;8.3;0;0;0
14.859;2.688;0.21;3.05;12.8;6928;29.3;-68.6;8.2;0;0;0
14.887;2.688;0.21;2.99;12.8;6938;29.3;-77.2;8.3;0;0;0
14.907;2.794;0.22;3.06;12.7;6938;29.3;-68.6;8.2;0;0;0
14.924;2.794;0.22;3.13;12.7;6935;29.3;-75.5;8.2;0;0;0
14.941;2.816;0.22;3.18;12.8;6934;29.3;-68.6;8.2;0;0;0
14.964;2.794;0.22;3.13;12.7;6946;29.3;-77.2;8.3;0;0;0
14.981;2.816;0.22;3.07;12.8;6947;29.3;-75.5;8.2;0;0;0
15.002;2.944;0.23;3.21;12.8;6935;29.3;-70.4;8.2;0;0;0
15.021;2.921;0.23;3.35;12.7;6927;29.3;-72.7;8.1;0;0;0
15.045;3.2;0.25;3.52;12.8;6903;29.3;-70.4;8.2;0;0;0
15.059;3.2;0.25;3.66;12.8;6896;29.3;-77.2;8.2;0;0;0
15.084;3.048;0.24;3.46;12.7;6906;29.3;-77.2;8.3;0;0;0
15.104;2.944;0.23;3.21;12.8;6912;29.3;-71.5;8.2;0;0;0
15.125;2.816;0.22;3.17;12.8;6914;29.3;-77.2;8.2;0;0;0
15.139;2.816;0.22;3.15;12.8;6921;29.3;-70.4;8.3;0;0;0
15.165;2.816;0.22;3.18;12.8;6921;29.3;-70.4;8.2;0;0;0
15.184;2.921;0.23;3.23;12.7;6918;29.3;-72.7;8.2;0;0;0
15.205;2.816;0.22;3.16;12.8;6932;29.3;-77.2;8.3;0;0;0
15.221;2.688;0.21;3.02;12.8;6942;29.3;-67.7;8.3;0;0;0
15.244;2.667;0.21;2.98;12.7;6945;29.3;-70.4;8.3;0;0;0
15.261;2.816;0.22;3.06;12.8;6949;29.3;-70.4;8.3;0;0;0
15.284;2.794;0.22;3.1;12.7;6951;29.3;-85.3;8.3;0;0;0
15.302;2.794;0.22;3.16;12.7;6950;29.3;-70.4;8.3;0;0;0
15.321;2.816;0.22;3.14;12.8;6950;29.3;-77.2;8.2;0;0;0
15.347;2.794;0.22;3.14;12.7;6949;29.3;-70.4;8.3;0;0;0
15.36;2.921;0.23;3.31;12.7;6944;29.3;-67.7;8.2;0;0;0
15.384;2.921;0.23;3.35;12.7;6927;29.3;-79.3;8.2;0;0;0
15.409;3.2;0.25;3.6;12.8;6905;29.3;-77.2;8.2;0;0;0
15.424;3.048;0.24;3.46;12.7;6910;29.3;-70.4;8.3;0;0;0
15.445;2.921;0.23;3.31;12.7;6917;29.3;-72.7;8.3;0;0;0
15.464;2.794;0.22;3.13;12.7;6929;29.3;-72.7;8.3;0;0;0
15.484;2.794;0.22;3.06;12.7;6936;29.3;-67;8.3;0;0;0
15.504;2.794;0.22;3.16;12.7;6933;29.3;-67;8.3;0;0;0
15.528;2.921;0.23;3.33;12.7;6922;29.3;-70.4;8.3;0;0;0
15.542;3.048;0.24;3.33;12.7;6924;29.3;-67;8.4;0;0;0
15.565;2.816;0.22;3.06;12.8;6947;29.3;-69.5;8.3;0;0;0
15.58;2.688;0.21;2.91;12.8;6958;29.3;-67;8.3;0;0;0
15.602;2.667;0.21;3.06;12.7;6949;29.3;-68.6;8.2;0;0;0
15.624;2.794;0.22;3.21;12.7;6944;29.3;-70.4;8.3;0;0;0
15.642;2.944;0.23;3.33;12.8;6935;29.3;-75.5;8.2;0;0;0
15.662;3.072;0.24;3.37;12.8;6933;29.3;-68.6;8.3;0;0;0
15.687;2.921;0.23;3.2;12.7;6940;29.3;-67;8.3;0;0;0
15.707;2.794;0.22;3.17;12.7;6944;29.3;-71.5;8.3;0;0;0
15.724;2.921;0.23;3.35;12.7;6932;29.3;-69.5;8.2;0;0;0
15.745;3.048;0.24;3.39;12.7;6922;29.3;-70.4;8.3;0;0;0
15.76;3.2;0.25;3.56;12.8;6913;29.3;-72.7;8.2;0;0;0
15.779;3.175;0.25;3.51;12.7;6907;29.3;-72.7;8.3;0;0;0
15.801;2.944;0.23;3.3;12.8;6921;29.3;-79.3;8.3;0;0;0
15.824;2.816;0.22;3.05;12.8;6937;29.3;-67.7;8.3;0;0;0
15.842;2.794;0.22;3.07;12.7;6936;29.3;-67;8.3;0;0;0
15.861;2.816;0.22;3.18;12.8;6937;29.3;-68.6;8.3;0;0;0
15.881;2.944;0.23;3.21;12.8;6938;29.3;-79.3;8.2;0;0;0
15.904;2.794;0.22;3.17;12.7;6946;29.3;-71.5;8.4;0;0;0
15.92;2.688;0.21;2.98;12.8;6958;29.3;-72.7;8.3;0;0;0
15.944;2.667;0.21;2.96;12.7;6964;29.3;-81.8;8.3;0;0;0
15.961;2.838;0.22;3.12;12.9;6960;29.3;-68.6;8.2;0;0;0
15.984;2.816;0.22;3.16;12.8;6963;29.3;-77.2;8.3;0;0;0
16.001;2.921;0.23;3.25;12.7;6956;29.3;-67.7;8.2;0;0;0
16.024;13.081;1.03;9.5;12.7;7159;29.3;-67;14.8;0;0;0
16.044;13.056;1.02;9.13;12.8;7675;29.3;-75.5;8.8;0;0;0
16.06;2.667;0.21;2.96;12.7;7599;29.3;-67;8.6;0;0;0
16.084;2.176;0.17;2.25;12.8;7788;29.3;-68.6;11.8;0;0;0
16.11;1.152;0.09;1.03;12.8;8248;29.3;-70.4;10.1;0;0;0
16.125;1.024;0.08;1.02;12.8;8260;29.3;-67.7;8.9;0;0;0
16.144;1.778;0.14;1.88;12.7;8093;29.3;-72.7;8.5;0;0;0
16.162;4.352;0.34;4.44;12.8;7966;29.3;-77.2;9.3;0;0;0
16.183;4.826;0.38;4.67;12.7;7965;29.3;-67.7;9.6;0;0;0
16.199;4.096;0.32;4.02;12.8;7950;29.3;-79.3;9.3;0;0;0
16.224;3.712;0.29;3.64;12.8;7942;29.3;-71.5;9.5;0;0;0
16.241;3.429;0.27;3.28;12.7;7959;29.3;-72.7;9.5;0;0;0
16.265;3.175;0.25;3.16;12.7;7957;29.3;-67;9.4;0;0;0
16.284;3.429;0.27;3.33;12.7;7943;29.3;-75.5;9.3;0;0;0
16.304;3.584;0.28;3.47;12.8;7934;29.3;-77.2;9.4;0;0;0
16.324;3.584;0.28;3.43;12.8;7935;29.3;-75.5;9.4;0;0;0
16.346;3.456;0.27;3.37;12.8;7931;29.3;-75.5;9.3;0;0;0
16.361;3.683;0.29;3.6;12.7;7911;29.3;-75.5;9.2;0;0;0
16.384;3.84;0.3;3.82;12.8;7883;29.3;-72.7;9.4;0;0;0
16.407;3.84;0.3;3.73;12.8;7884;29.3;-79.3;9.4;0;0;0
16.426;3.556;0.28;3.49;12.7;7893;29.3;-72.7;9.4;0;0;0
16.441;3.456;0.27;3.35;12.8;7899;29.3;-75.5;9.4;0;0;0
16.462;3.456;0.27;3.34;12.8;7904;29.3;-70.4;9.3;0;0;0
16.484;3.429;0.27;3.35;12.7;7903;29.3;-74;9.4;0;0;0
16.505;3.456;0.27;3.39;12.8;7902;29.3;-75.5;9.3;0;0;0
16.522;3.584;0.28;3.47;12.8;7897;29.3;-67;9.4;0;0;0
16.544;3.584;0.28;3.44;12.8;7903;29.3;-79.3;9.4;0;0;0
16.559;3.429;0.27;3.36;12.7;7911;29.3;-68.6;9.4;0;0;0
16.584;3.429;0.27;3.36;12.7;7907;29.3;-69.5;9.4;0;0;0
16.601;3.584;0.28;3.46;12.8;7902;29.3;-67;9.4;0;0;0
16.624;3.712;0.29;3.57;12.8;7892;29.3;-85.3;9.3;0;0;0
16.639;3.683;0.29;3.65;12.7;7882;29.3;-69.5;9.4;0;0;0
16.665;3.683;0.29;3.68;12.7;7877;29.3;-81.8;9.4;0;0;0
16.686;3.556;0.28;3.53;12.7;7882;29.3;-67.7;9.4;0;0;0
16.704;3.556;0.28;3.49;12.7;7886;29.3;-75.5;9.4;0;0;0
16.721;3.556;0.28;3.47;12.7;7888;29.3;-75.5;9.3;0;0;0
16.739;3.429;0.27;3.44;12.7;7886;29.3;-70.4;9.4;0;0;0
16.759;3.584;0.28;3.43;12.8;7896;29.4;-68.6;9.3;0;0;0
16.784;3.456;0.27;3.32;12.8;7903;29.4;-81.8;9.4;0;0;0
16.805;3.429;0.27;3.31;12.7;7911;29.3;-67;9.4;0;0;0
16.825;3.456;0.27;3.42;12.8;7906;29.3;-67;9.3;0;0;0
16.839;3.556;0.28;3.51;12.7;7894;29.3;-81.8;9.3;0;0;0
16.864;3.683;0.29;3.66;12.7;7889;29.3;-79.3;9.4;0;0;0
16.887;3.556;0.28;3.49;12.7;7899;29.3;-70.4;9.5;0;0;0
16.906;3.456;0.27;3.37;12.8;7899;29.4;-75.5;9.4;0;0;0
16.924;3.712;0.29;3.57;12.8;7893;29.4;-67.7;9.2;0;0;0
16.944;3.84;0.3;3.8;12.8;7868;29.4;-75.5;9.3;0;0;0
16.96;3.968;0.31;3.84;12.8;7859;29.4;-77.2;9.4;0;0;0
16.984;3.712;0.29;3.55;12.8;7885;29.4;-70.4;9.4;0;0;0
17.004;3.328;0.26;3.31;12.8;7895;29.3;-79.3;9.3;0;0;0
17.029;3.456;0.27;3.32;12.8;7898;29.4;-75.5;9.3;0;0;0
17.045;3.556;0.28;3.49;12.7;7893;29.4;-67;9.3;0;0;0
17.067;3.556;0.28;3.47;12.7;7898;29.4;-68.6;9.4;0;0;0
17.089;3.302;0.26;3.26;12.7;7915;29.4;-75.5;9.5;0;0;0
17.104;3.302;0.26;3.27;12.7;7918;29.4;-74;9.4;0;0;0
17.124;3.456;0.27;3.34;12.8;7918;29.4;-68.6;9.4;0;0;0
17.142;3.556;0.28;3.45;12.7;7914;29.4;-67.7;9.4;0;0;0
17.165;3.429;0.27;3.41;12.7;7915;29.4;-68.6;9.5;0;0;0
17.182;3.456;0.27;3.41;12.8;7922;29.4;-75.5;9.4;0;0;0
17.199;3.429;0.27;3.4;12.7;7922;29.4;-67;9.4;0;0;0
17.224;3.584;0.28;3.49;12.8;7912;29.4;-70.4;9.4;0;0;0
17.241;3.712;0.29;3.65;12.8;7899;29.4;-75.5;9.3;0;0;0
17.266;3.968;0.31;3.9;12.8;7871;29.4;-77.2;9.3;0;0;0
17.286;3.84;0.3;3.78;12.8;7876;29.3;-60.6;9.5;0;0;0
17.306;3.712;0.29;3.57;12.8;7890;29.4;-79.3;9.4;0;0;0
17.32;3.584;0.28;3.55;12.8;7887;29.4;-67;9.4;0;0;0
17.347;3.584;0.28;3.55;12.8;7882;29.4;-72.7;9.4;0;0;0
17.367;3.712;0.29;3.6;12.8;7886;29.4;-69.5;9.4;0;0;0
17.384;3.556;0.28;3.42;12.7;7894;29.4;-68.6;9.5;0;0;0
17.405;3.302;0.26;3.25;12.7;7916;29.4;-67.7;9.5;0;0;0
17.424;3.302;0.26;3.22;12.7;7920;29.4;-75.5;9.4;0;0;0
17.444;3.302;0.26;3.26;12.7;7923;29.4;-68.6;9.4;0;0;0
17.464;3.584;0.28;3.44;12.8;7920;29.4;-68.6;9.3;0;0;0
17.486;3.556;0.28;3.44;12.7;7922;29.4;-67;9.5;0;0;0
17.505;3.456;0.27;3.4;12.8;7925;29.4;-77.2;9.4;0;0;0
17.52;3.429;0.27;3.41;12.7;7925;29.4;-72.7;9.4;0;0;0
17.544;3.584;0.28;3.54;12.8;7911;29.4;-91;9.4;0;0;0
17.565;3.937;0.31;3.82;12.7;7889;29.4;-68.6;9.3;0;0;0
17.585;3.968;0.31;3.83;12.8;7887;29.4;-68.6;9.5;0;0;0
17.599;3.584;0.28;3.51;12.8;7901;29.4;-65.5;9.5;0;0;0
17.624;3.302;0.26;3.27;12.7;7924;29.4;-79.3;9.4;0;0;0
17.642;3.302;0.26;3.29;12.7;7920;29.4;-67;9.4;0;0;0
17.661;3.556;0.28;3.44;12.7;7918;29.4;-67.7;9.4;0;0;0
17.68;3.584;0.28;3.53;12.8;7908;29.4;-70.4;9.4;0;0;0
17.704;3.556;0.28;3.47;12.7;7920;29.4;-68.6;9.5;0;0;0
17.729;3.429;0.27;3.34;12.7;7930;29.4;-68.6;9.4;0;0;0
17.744;3.456;0.27;3.35;12.8;7931;29.4;-72.7;9.4;0;0;0
17.766;3.429;0.27;3.4;12.7;7930;29.4;-72.7;9.4;0;0;0
17.79;3.556;0.28;3.51;12.7;7923;29.4;-75.5;9.4;0;0;0
17.806;3.584;0.28;3.54;12.8;7923;29.4;-77.2;9.4;0;0;0
17.822;3.556;0.28;3.54;12.7;7922;29.4;-77.2;9.4;0;0;0
17.84;3.584;0.28;3.53;12.8;7914;29.4;-77.2;9.4;0;0;0
17.864;3.84;0.3;3.69;12.8;7902;29.4;-70.4;9.4;0;0;0
17.884;3.84;0.3;3.76;12.8;7892;29.4;-75.5;9.4;0;0;0
17.909;3.683;0.29;3.59;12.7;7905;29.4;-70.4;9.5;0;0;0
17.925;3.456;0.27;3.32;12.8;7924;29.4;-79.3;9.4;0;0;0
17.944;3.302;0.26;3.25;12.7;7926;29.4;-75.5;9.4;0;0;0
17.961;3.429;0.27;3.4;12.7;7918;29.4;-70.4;9.4;0;0;0
17.982;3.556;0.28;3.52;12.7;7920;29.4;-67;9.4;0;0;0
18.002;3.584;0.28;3.41;12.8;7932;29.4;-70.4;9.5;0;0;0
18.022;13.696;1.07;9.16;12.8;8077;29.4;-72.7;15.5;0;0;0
18.041;17.28;1.35;11.01;12.8;8610;29.4;-68.6;10.8;0;0;0
18.06;3.429;0.27;3.16;12.7;8610;29.4;-71.5;10.3;0;0;0
18.084;1.016;0.08;0.89;12.7;8989;29.4;-67;11.7;0;0;0
18.104;1.28;0.1;1.17;12.8;9068;29.4;-70.4;10;0;0;0
18.124;2.304;0.18;2.15;12.8;8951;29.4;-67;10;0;0;0
18.144;4.699;0.37;4.21;12.7;8891;29.4;-70.4;10.6;0;0;0
18.16;5.08;0.4;4.36;12.7;8888;29.4;-67.7;10.7;0;0;0
18.186;4.736;0.37;4.07;12.8;8884;29.4;-79.3;10.2;0;0;0
18.204;5.504;0.43;5.07;12.8;8757;29.4;-77.2;10.1;0;0;0
18.22;5.588;0.44;4.81;12.7;8781;29.4;-72.7;11.2;0;0;0
18.244;3.81;0.3;3.16;12.7;8911;29.4;-67.7;10.8;0;0;0
18.262;3.072;0.24;2.73;12.8;8906;29.4;-77.2;10.2;0;0;0
18.285;4.224;0.33;3.69;12.8;8859;29.4;-68.6;10.5;0;0;0
18.304;4.445;0.35;3.9;12.7;8868;29.4;-77.2;10.7;0;0;0
18.32;4.191;0.33;3.6;12.7;8891;29.4;-75.5;10.6;0;0;0
18.344;4.064;0.32;3.52;12.7;8883;29.4;-79.3;10.5;0;0;0
18.364;4.352;0.34;3.75;12.8;8874;29.4;-72.7;10.5;0;0;0
18.385;4.352;0.34;3.82;12.8;8872;29.4;-77.2;10.5;0;0;0
18.406;4.445;0.35;3.88;12.7;8862;29.4;-68.6;10.5;0;0;0
18.424;4.572;0.36;3.97;12.7;8848;29.4;-79.3;10.5;0;0;0
18.442;4.608;0.36;3.98;12.8;8855;29.4;-77.2;10.5;0;0;0
18.464;4.318;0.34;3.75;12.7;8862;29.4;-68.6;10.6;0;0;0
18.484;4.224;0.33;3.6;12.8;8875;29.4;-70.4;10.5;0;0;0
18.505;4.224;0.33;3.63;12.8;8872;29.4;-70.4;10.5;0;0;0
18.522;4.318;0.34;3.8;12.7;8866;29.4;-74;10.5;0;0;0
18.545;4.48;0.35;3.91;12.8;8855;29.4;-72.7;10.4;0;0;0
18.562;4.445;0.35;3.82;12.7;8860;29.4;-77.2;10.6;0;0;0
18.585;4.096;0.32;3.55;12.8;8886;29.4;-75.5;10.6;0;0;0
18.601;4.096;0.32;3.5;12.8;8888;29.4;-72.7;10.5;0;0;0
18.624;4.191;0.33;3.7;12.7;8879;29.4;-70.4;10.4;0;0;0
18.641;4.572;0.36;3.96;12.7;8859;29.4;-68.6;10.5;0;0;0
18.664;4.608;0.36;3.93;12.8;8863;29.4;-68.6;10.6;0;0;0
18.679;4.352;0.34;3.71;12.8;8877;29.4;-70.4;10.6;0;0;0
18.704;4.224;0.33;3.65;12.8;8878;29.4;-77.2;10.5;0;0;0
18.724;4.352;0.34;3.71;12.8;8877;29.4;-79.3;10.5;0;0;0
18.742;4.224;0.33;3.71;12.8;8877;29.4;-77.2;10.5;0;0;0
18.761;4.224;0.33;3.66;12.8;8888;29.4;-77.2;10.6;0;0;0
18.782;4.096;0.32;3.51;12.8;8900;29.4;-79.3;10.5;0;0;0
18.801;3.937;0.31;3.47;12.7;8907;29.4;-75.5;10.6;0;0;0
18.821;4.191;0.33;3.63;12.7;8902;29.4;-68.6;10.5;0;0;0
18.845;4.318;0.34;3.73;12.7;8896;29.4;-68.6;10.6;0;0;0
18.865;4.191;0.33;3.69;12.7;8899;29.4;-67.7;10.6;0;0;0
18.884;4.224;0.33;3.7;12.8;8896;29.4;-79.3;10.5;0;0;0
18.904;4.445;0.35;3.86;12.7;8886;29.4;-68.6;10.4;0;0;0
18.922;4.572;0.36;4.05;12.7;8868;29.4;-69.5;10.4;0;0;0
18.944;4.572;0.36;4.03;12.7;8863;29.4;-71.5;10.6;0;0;0
18.959;4.445;0.35;3.82;12.7;8875;29.4;-68.6;10.6;0;0;0
18.981;4.191;0.33;3.64;12.7;8886;29.4;-75.5;10.5;0;0;0
19.002;4.191;0.33;3.7;12.7;8885;29.4;-67;10.5;0;0;0
19.025;4.352;0.34;3.77;12.8;8878;29.4;-77.2;10.5;0;0;0
19.039;4.318;0.34;3.77;12.7;8881;29.4;-77.2;10.6;0;0;0
19.064;4.318;0.34;3.74;12.7;8887;29.4;-72.7;10.5;0;0;0
19.084;4.352;0.34;3.77;12.8;8885;29.4;-71.5;10.5;0;0;0
19.104;4.352;0.34;3.72;12.8;8892;29.4;-69.5;10.5;0;0;0
19.124;4.191;0.33;3.61;12.7;8900;29.4;-67;10.6;0;0;0
19.142;4.191;0.33;3.6;12.7;8900;29.4;-67.7;10.6;0;0;0
19.164;4.224;0.33;3.73;12.8;8897;29.4;-74;10.5;0;0;0
19.184;4.445;0.35;3.89;12.7;8885;29.4;-68.6;10.4;0;0;0
19.205;4.608;0.36;4.08;12.8;8865;29.4;-68.6;10.5;0;0;0
19.224;4.572;0.36;3.91;12.7;8878;29.4;-69.5;10.7;0;0;0
19.244;4.191;0.33;3.6;12.7;8898;29.4;-79.3;10.6;0;0;0
19.264;3.968;0.31;3.47;12.8;8907;29.4;-68.6;10.6;0;0;0
19.282;4.191;0.33;3.62;12.7;8902;29.4;-68.6;10.4;0;0;0
19.304;4.318;0.34;3.74;12.7;8894;29.4;-81.8;10.6;0;0;0
19.321;4.224;0.33;3.67;12.8;8909;29.4;-69.5;10.6;0;0;0
19.346;3.937;0.31;3.43;12.7;8927;29.4;-72.7;10.6;0;0;0
19.364;4.096;0.32;3.52;12.8;8922;29.4;-70.4;10.5;0;0;0
19.382;4.224;0.33;3.7;12.8;8917;29.4;-77.2;10.5;0;0;0
19.399;4.48;0.35;3.86;12.8;8908;29.4;-74;10.6;0;0;0
19.425;4.352;0.34;3.73;12.8;8914;29.4;-79.3;10.6;0;0;0
19.441;4.352;0.34;3.72;12.8;8915;29.4;-70.4;10.5;0;0;0
19.464;4.352;0.34;3.82;12.8;8898;29.4;-67.7;10.5;0;0;0
19.484;4.608;0.36;4.06;12.8;8878;29.4;-70.4;10.5;0;0;0
19.508;4.608;0.36;3.95;12.8;8891;29.4;-68.6;10.7;0;0;0
19.526;4.191;0.33;3.56;12.7;8909;29.4;-71.5;10.6;0;0;0
19.547;4.096;0.32;3.58;12.8;8910;29.4;-68.6;10.5;0;0;0
19.565;4.352;0.34;3.77;12.8;8898;29.4;-70.4;10.5;0;0;0
19.584;4.318;0.34;3.79;12.7;8900;29.4;-79.3;10.6;0;0;0
19.602;4.191;0.33;3.66;12.7;8917;29.4;-67;10.7;0;0;0
19.626;3.968;0.31;3.45;12.8;8926;29.4;-72.7;10.6;0;0;0
19.645;4.191;0.33;3.61;12.7;8920;29.4;-75.5;10.6;0;0;0
19.665;4.445;0.35;3.83;12.7;8906;29.4;-67;10.5;0;0;0
19.679;4.445;0.35;3.91;12.7;8901;29.4;-91;10.6;0;0;0
19.702;4.48;0.35;3.85;12.8;8908;29.4;-75.5;10.6;0;0;0
19.724;4.48;0.35;3.83;12.8;8902;29.5;-72.7;10.5;0;0;0
19.742;4.608;0.36;3.96;12.8;8889;29.4;-75.5;10.5;0;0;0
19.759;4.572;0.36;4.02;12.7;8880;29.4;-65.5;10.6;0;0;0
19.782;4.48;0.35;3.82;12.8;8897;29.4;-68.6;10.6;0;0;0
19.807;4.096;0.32;3.55;12.8;8912;29.5;-77.2;10.5;0;0;0
19.825;4.224;0.33;3.63;12.8;8912;29.5;-68.6;10.5;0;0;0
19.842;4.284;0.34;3.71;12.6;8910;29.4;-67;10.6;0;0;0
19.861;4.191;0.33;3.64;12.7;8915;29.4;-70.4;10.7;0;0;0
19.884;4.064;0.32;3.54;12.7;8933;29.5;-67.7;10.6;0;0;0
19.904;4.096;0.32;3.53;12.8;8936;29.4;-71.5;10.5;0;0;0
19.92;4.191;0.33;3.61;12.7;8933;29.5;-79.3;10.6;0;0;0
19.945;4.445;0.35;3.83;12.7;8916;29.5;-67.7;10.6;0;0;0
19.962;4.608;0.36;3.9;12.8;8909;29.5;-67.7;10.6;0;0;0
19.982;4.445;0.35;3.81;12.7;8916;29.5;-67.7;10.7;0;0;0
20.004;4.318;0.34;3.7;12.7;8920;29.5;-70.4;10.6;0;0;0
20.024;25.146;1.98;14.32;12.7;9455;29.5;-85.3;15.9;0;0;0
20.041;8.576;0.67;5.94;12.8;9657;29.5;-79.3;11;0;0;0
20.064;2.921;0.23;2.41;12.7;9686;29.5;-68.6;13;0;0;0
20.087;1.778;0.14;1.25;12.7;9998;29.5;-72.7;11.9;0;0;0
20.104;1.28;0.1;1.08;12.8;9992;29.5;-68.6;11.2;0;0;0
20.122;3.302;0.26;2.64;12.7;9958;29.5;-67;11.3;0;0;0
20.144;5.76;0.45;4.7;12.8;9830;29.5;-75.5;11.5;0;0;0
20.159;6.477;0.51;5.01;12.7;9829;29.5;-79.3;12;0;0;0
20.189;5.334;0.42;4.1;12.7;9883;29.5;-68.6;11.5;0;0;0
20.207;5.888;0.46;4.77;12.8;9767;29.5;-70.4;11.2;0;0;0
20.227;6.272;0.49;4.86;12.8;9782;29.5;-67;12.1;0;0;0
20.241;5.207;0.41;3.95;12.7;9848;29.5;-67;12;0;0;0
20.262;4.224;0.33;3.32;12.8;9871;29.5;-77.2;11.5;0;0;0
20.286;4.826;0.38;3.87;12.7;9839;29.5;-72.7;11.6;0;0;0
20.304;5.376;0.42;4.21;12.8;9839;29.5;-67;11.7;0;0;0
20.325;5.376;0.42;4.14;12.8;9839;29.5;-70.4;11.6;0;0;0
20.345;5.207;0.41;4.11;12.7;9837;29.5;-67.7;11.8;0;0;0
20.364;5.12;0.4;3.92;12.8;9857;29.5;-79.3;11.7;0;0;0
20.384;4.736;0.37;3.66;12.8;9875;29.5;-67;11.7;0;0;0
20.404;4.826;0.38;3.77;12.7;9876;29.5;-68.6;11.6;0;0;0
20.424;4.953;0.39;3.89;12.7;9873;29.5;-68.6;11.6;0;0;0
20.441;5.207;0.41;4.15;12.7;9858;29.5;-70.4;11.5;0;0;0
20.464;5.461;0.43;4.29;12.7;9842;29.5;-67;11.7;0;0;0
20.489;5.334;0.42;4.17;12.7;9851;29.5;-79.3;11.6;0;0;0
20.506;5.207;0.41;4.07;12.7;9842;29.5;-70.4;11.7;0;0;0
20.522;5.248;0.41;4.05;12.8;9856;29.5;-67;11.8;0;0;0
20.544;5.08;0.4;3.93;12.7;9862;29.5;-245.8;11.6;0;0;0
20.562;4.992;0.39;3.86;12.8;9867;29.5;-70.4;11.7;0;0;0
20.579;4.826;0.38;3.81;12.7;9876;29.5;-71.5;11.7;0;0;0
20.604;4.826;0.38;3.78;12.7;9885;29.5;-72.7;11.8;0;0;0
20.624;4.992;0.39;3.92;12.8;9880;29.5;-79.3;11.6;0;0;0
20.639;5.12;0.4;3.98;12.8;9879;29.5;-67.7;11.7;0;0;0
20.662;5.207;0.41;4.09;12.7;9872;29.5;-67;11.7;0;0;0
20.68;5.334;0.42;4.2;12.7;9864;29.5;-65.5;11.6;0;0;0
20.7;5.461;0.43;4.31;12.7;9846;29.5;-72.7;11.6;0;0;0
20.72;5.632;0.44;4.35;12.8;9838;29.5;-72.7;11.7;0;0;0
20.744;5.334;0.42;4.21;12.7;9842;29.5;-70.4;11.7;0;0;0
20.759;5.12;0.4;4.02;12.8;9853;29.5;-65.5;11.7;0;0;0
20.78;5.12;0.4;3.94;12.8;9862;29.5;-75.5;11.6;0;0;0
20.801;4.992;0.39;3.89;12.8;9868;29.5;-72.7;11.7;0;0;0
20.822;4.864;0.38;3.81;12.8;9882;29.5;-67;11.7;0;0;0
20.837;4.864;0.38;3.76;12.8;9893;29.5;-68.6;11.7;0;0;0
20.86;4.826;0.38;3.75;12.7;9896;29.5;-68.6;11.7;0;0;0
20.879;4.914;0.39;3.91;12.6;9892;29.5;-67;11.7;0;0;0
20.902;4.992;0.39;3.91;12.8;9895;29.5;-75.5;11.7;0;0;0
20.92;4.953;0.39;3.92;12.7;9897;29.5;-68.6;11.7;0;0;0
20.944;5.248;0.41;4.11;12.8;9877;29.5;-68.6;11.6;0;0;0
20.964;5.504;0.43;4.33;12.8;9859;29.5;-75.5;11.7;0;0;0
20.984;5.334;0.42;4.2;12.7;9876;29.5;-68.6;11.8;0;0;0
21.007;4.864;0.38;3.8;12.8;9893;29.5;-68.6;11.8;0;0;0
21.024;4.826;0.38;3.79;12.7;9895;29.5;-72.7;11.6;0;0;0
21.049;5.08;0.4;4;12.7;9883;29.5;-75.5;11.7;0;0;0
21.071;5.08;0.4;3.94;12.7;9899;29.5;-77.2;11.8;0;0;0
21.094;4.864;0.38;3.8;12.8;9906;29.5;-63.1;11.7;0;0;0
21.122;5.08;0.4;3.93;12.7;9899;29.5;-70.4;11.6;0;0;0
21.142;5.248;0.41;4.09;12.8;9893;29.5;-69.5;11.7;0;0;0
21.159;5.248;0.41;4.05;12.8;9894;29.5;-72.7;11.7;0;0;0
21.179;5.207;0.41;4.04;12.7;9890;29.5;-65.5;11.7;0;0;0
21.199;5.334;0.42;4.18;12.7;9876;29.5;-75.5;11.7;0;0;0
21.222;5.461;0.43;4.31;12.7;9861;29.5;-70.4;11.7;0;0;0
21.239;5.461;0.43;4.25;12.7;9869;29.5;-70.4;11.8;0;0;0
21.259;5.12;0.4;3.97;12.8;9880;29.5;-72.7;11.7;0;0;0
21.289;4.992;0.39;3.9;12.8;9887;29.5;-67.7;11.7;0;0;0
21.301;4.953;0.39;3.89;12.7;9892;29.5;-67;11.8;0;0;0
21.32;4.864;0.38;3.78;12.8;9903;29.5;-71.5;11.8;0;0;0
21.344;4.864;0.38;3.78;12.8;9911;29.5;-79.3;11.7;0;0;0
21.36;4.953;0.39;3.88;12.7;9912;29.5;-67.7;11.7;0;0;0
21.379;5.08;0.4;4.05;12.7;9899;29.5;-75.5;11.7;0;0;0
21.404;5.334;0.42;4.13;12.7;9896;29.5;-75.5;11.7;0;0;0
21.424;5.207;0.41;4.05;12.7;9896;29.5;-69.5;11.7;0;0;0
21.44;5.207;0.41;4.07;12.7;9892;29.5;-70.4;11.7;0;0;0
21.466;5.248;0.41;4.14;12.8;9887;29.5;-71.5;11.8;0;0;0
21.489;5.08;0.4;3.9;12.7;9907;29.5;-68.6;11.8;0;0;0
21.509;4.864;0.38;3.75;12.8;9915;29.5;-72.7;11.7;0;0;0
21.526;4.826;0.38;3.77;12.7;9916;29.5;-67;11.8;0;0;0
21.544;5.12;0.4;3.96;12.8;9910;29.5;-79.3;11.7;0;0;0
21.56;5.08;0.4;3.99;12.7;9912;29.5;-67;11.8;0;0;0
21.581;4.992;0.39;3.91;12.8;9918;29.5;-69.5;11.8;0;0;0
21.601;4.953;0.39;3.86;12.7;9923;29.5;-72.7;11.7;0;0;0
21.624;5.207;0.41;4.07;12.7;9903;29.5;-67.7;11.6;0;0;0
21.641;5.461;0.43;4.29;12.7;9887;29.5;-72.7;11.7;0;0;0
21.662;5.504;0.43;4.22;12.8;9894;29.5;-70.4;11.7;0;0;0
21.681;5.12;0.4;3.99;12.8;9903;29.5;-75.5;11.7;0;0;0
21.699;5.08;0.4;3.96;12.7;9907;29.5;-68.6;11.7;0;0;0
21.721;5.12;0.4;3.96;12.8;9900;29.5;-77.2;11.8;0;0;0
21.74;5.08;0.4;4.01;12.7;9908;29.5;-67;11.8;0;0;0
21.761;4.953;0.39;3.89;12.7;9913;29.5;-68.6;11.8;0;0;0
21.779;4.914;0.39;3.81;12.6;9920;29.5;-67;11.8;0;0;0
21.805;4.992;0.39;3.89;12.8;9919;29.5;-245.8;11.7;0;0;0
21.82;5.12;0.4;3.97;12.8;9920;29.5;-67.7;11.8;0;0;0
21.84;5.207;0.41;4.01;12.7;9915;29.5;-68.6;11.7;0;0;0
21.864;5.207;0.41;4.06;12.7;9912;29.5;-67.7;11.7;0;0;0
21.88;5.376;0.42;4.23;12.8;9895;29.5;-77.2;11.6;0;0;0
21.899;5.504;0.43;4.29;12.8;9888;29.5;-72.7;11.7;0;0;0
21.92;5.334;0.42;4.12;12.7;9895;29.5;-70.4;11.8;0;0;0
21.941;5.12;0.4;3.95;12.8;9906;29.5;-72.7;11.7;0;0;0
21.959;5.08;0.4;3.96;12.7;9906;29.5;-68.6;11.7;0;0;0
21.98;5.12;0.4;3.93;12.8;9906;29.5;-69.5;11.8;0;0;0
22.004;4.953;0.39;3.84;12.7;9923;29.5;-68.6;11.8;0;0;0
22.027;4.826;0.38;3.75;12.7;9930;29.5;-72.7;11.8;0;0;0
22.042;5.12;0.4;3.93;12.8;9921;29.5;-69.5;11.7;0;0;0
22.061;5.08;0.4;3.97;12.7;9924;29.5;-72.7;11.8;0;0;0
22.084;4.953;0.39;3.88;12.7;9933;29.5;-72.7;11.8;0;0;0
22.1;5.08;0.4;3.93;12.7;9930;29.5;-67.7;11.7;0;0;0
22.122;5.376;0.42;4.14;12.8;9911;29.5;-67.7;11.6;0;0;0
22.139;5.588;0.44;4.36;12.7;9893;29.5;-67;11.8;0;0;0
22.159;5.504;0.43;4.21;12.8;9904;29.5;-68.6;11.8;0;0;0
22.182;5.08;0.4;3.9;12.7;9921;29.5;-71.5;11.8;0;0;0
22.206;4.953;0.39;3.87;12.7;9922;29.5;-68.6;11.7;0;0;0
22.221;5.12;0.4;4;12.8;9913;29.5;-68.6;11.7;0;0;0
22.241;5.12;0.4;3.95;12.8;9922;29.5;-77.2;11.8;0;0;0
22.261;4.992;0.39;3.82;12.8;9938;29.5;-77.2;11.7;0;0;0
22.281;4.826;0.38;3.77;12.7;9942;29.5;-67;11.7;0;0;0
22.304;4.992;0.39;3.93;12.8;9934;29.5;-81.8;11.7;0;0;0
22.32;5.08;0.4;3.98;12.7;9931;29.5;-72.7;11.8;0;0;0
22.339;5.248;0.41;4.03;12.8;9930;29.5;-75.5;11.7;0;0;0
22.36;5.248;0.41;4.13;12.8;9919;29.5;-68.6;11.7;0;0;0
22.389;5.588;0.44;4.33;12.7;9895;29.5;-68.6;11.8;0;0;0
22.404;5.376;0.42;4.19;12.8;9903;29.5;-68.6;11.9;0;0;0
22.42;5.12;0.4;3.98;12.8;9917;29.5;-75.5;11.8;0;0;0
22.44;4.992;0.39;3.88;12.8;9918;29.5;-75.5;11.7;0;0;0
22.459;5.248;0.41;4.03;12.8;9910;29.5;-67.7;11.7;0;0;0
22.484;5.08;0.4;3.99;12.7;9924;29.5;-69.5;11.9;0;0;0
22.504;4.826;0.38;3.74;12.7;9943;29.5;-65.5;11.8;0;0;0
22.52;4.736;0.37;3.7;12.8;9946;29.5;-77.2;11.7;0;0;0
22.544;5.12;0.4;3.96;12.8;9928;29.5;-71.5;11.6;0;0;0
22.559;5.248;0.41;4.12;12.8;9924;29.5;-65.5;11.8;0;0;0
22.586;5.207;0.41;4.03;12.7;9933;29.5;-67;11.8;0;0;0
22.599;5.08;0.4;3.99;12.7;9931;29.5;-70.4;11.7;0;0;0
22.621;5.461;0.43;4.27;12.7;9901;29.5;-67.7;11.6;0;0;0
22.644;5.588;0.44;4.43;12.7;9890;29.5;-67.7;11.8;0;0;0
22.659;5.334;0.42;4.07;12.7;9910;29.5;-67.7;11.9;0;0;0
22.679;4.826;0.38;3.79;12.7;9934;29.5;-69.5;11.8;0;0;0
22.7;4.826;0.38;3.75;12.7;9932;29.5;-67;11.7;0;0;0
22.717;4.953;0.39;3.95;12.7;9925;29.5;-75.5;11.8;0;0;0
22.74;5.12;0.4;3.92;12.8;9940;29.5;-68.6;11.8;0;0;0
22.764;4.864;0.38;3.79;12.8;9951;29.5;-69.5;11.7;0;0;0
22.781;4.953;0.39;3.81;12.7;9952;29.5;-68.6;11.8;0;0;0
22.801;5.08;0.4;4.01;12.7;9937;29.5;-67;11.7;0;0;0
22.82;5.207;0.41;4.1;12.7;9931;29.5;-68.6;11.8;0;0;0
22.844;5.207;0.41;4.08;12.7;9929;29.5;-81.8;11.7;0;0;0
22.859;5.207;0.41;4.12;12.7;9929;29.5;-75.5;11.7;0;0;0
22.881;5.207;0.41;4.1;12.7;9921;29.5;-71.5;11.8;0;0;0
22.904;5.12;0.4;3.99;12.8;9934;29.5;-72.7;11.9;0;0;0
22.917;4.953;0.39;3.85;12.7;9942;29.5;-67;11.8;0;0;0
22.941;4.953;0.39;3.83;12.7;9943;29.5;-70.4;11.7;0;0;0
22.96;5.12;0.4;3.93;12.8;9942;29.5;-71.5;11.7;0;0;0
22.981;4.992;0.39;3.86;12.8;9954;29.5;-75.5;11.8;0;0;0
23.004;4.992;0.39;3.8;12.8;9963;29.5;-67.7;11.7;0;0;0
23.02;4.992;0.39;3.91;12.8;9949;29.5;-68.6;11.7;0;0;0
23.041;5.334;0.42;4.17;12.7;9935;29.5;-71.5;11.7;0;0;0
23.061;5.461;0.43;4.24;12.7;9927;29.5;-65.5;11.8;0;0;0
23.082;5.334;0.42;4.1;12.7;9935;29.5;-67;11.8;0;0;0
23.1;5.248;0.41;4.01;12.8;9936;29.5;-71.5;11.7;0;0;0
23.12;5.334;0.42;4.17;12.7;9918;29.5;-67;11.7;0;0;0
23.142;5.461;0.43;4.24;12.7;9915;29.5;-68.6;11.8;0;0;0
23.165;5.12;0.4;3.92;12.8;9936;29.5;-67.7;11.8;0;0;0
23.179;4.864;0.38;3.77;12.8;9942;29.6;-68.6;11.8;0;0;0
23.201;4.826;0.38;3.8;12.7;9947;29.6;-68.6;11.8;0;0;0
23.22;4.953;0.39;3.87;12.7;9946;29.6;-70.4;11.8;0;0;0
23.24;4.992;0.39;3.88;12.8;9956;29.6;-74;11.8;0;0;0
23.259;4.953;0.39;3.86;12.7;9962;29.6;-77.2;11.8;0;0;0
23.282;4.953;0.39;3.9;12.7;9956;29.6;-72.7;11.7;0;0;0
23.306;5.334;0.42;4.21;12.7;9932;29.6;-69.5;11.7;0;0;0
23.322;5.461;0.43;4.24;12.7;9926;29.6;-79.3;11.8;0;0;0
23.341;5.376;0.42;4.13;12.8;9934;29.6;-68.6;11.7;0;0;0
23.365;5.12;0.4;3.97;12.8;9937;29.6;-79.3;11.8;0;0;0
23.377;5.207;0.41;4.02;12.7;9937;29.6;-72.7;11.8;0;0;0
23.404;5.08;0.4;3.96;12.7;9943;29.6;-75.5;11.8;0;0;0
23.42;4.992;0.39;3.89;12.8;9950;29.6;-77.2;11.8;0;0;0
23.439;4.953;0.39;3.82;12.7;9957;29.6;-67.7;11.8;0;0;0
23.46;4.992;0.39;3.9;12.8;9951;29.6;-68.6;11.8;0;0;0
23.481;5.08;0.4;3.93;12.7;9956;29.6;-75.5;11.8;0;0;0
23.504;4.992;0.39;3.86;12.8;9965;29.6;-70.4;11.8;0;0;0
23.52;4.953;0.39;3.87;12.7;9959;29.6;-70.4;11.7;0;0;0
23.541;5.334;0.42;4.18;12.7;9938;29.6;-71.5;11.6;0;0;0
23.559;5.632;0.44;4.39;12.8;9919;29.6;-67.7;11.8;0;0;0
23.581;5.504;0.43;4.22;12.8;9928;29.6;-70.4;11.8;0;0;0
23.6;5.207;0.41;4.01;12.7;9935;29.6;-71.5;11.8;0;0;0
23.621;5.12;0.4;3.94;12.8;9942;29.6;-68.6;11.7;0;0;0
23.644;5.12;0.4;4.03;12.8;9930;29.6;-79.3;11.7;0;0;0
23.659;5.207;0.41;4.03;12.7;9936;29.6;-69.5;11.8;0;0;0
23.68;4.992;0.39;3.84;12.8;9959;29.6;-75.5;11.8;0;0;0
23.699;4.736;0.37;3.71;12.8;9966;29.6;-74;11.7;0;0;0
23.721;4.992;0.39;3.89;12.8;9955;29.6;-67.7;11.7;0;0;0
23.739;5.207;0.41;4.04;12.7;9952;29.6;-68.6;11.8;0;0;0
23.76;5.12;0.4;3.99;12.8;9956;29.6;-68.6;11.8;0;0;0
23.781;5.207;0.41;4.02;12.7;9951;29.6;-77.2;11.7;0;0;0
23.804;5.461;0.43;4.27;12.7;9922;29.6;-68.6;11.8;0;0;0
23.82;5.588;0.44;4.32;12.7;9922;29.6;-68.6;11.9;0;0;0
23.844;5.207;0.41;4.06;12.7;9942;29.6;-67;11.9;0;0;0
23.864;4.992;0.39;3.83;12.8;9950;29.6;-67;11.8;0;0;0
23.881;4.953;0.39;3.89;12.7;9947;29.6;-70.4;11.8;0;0;0
23.9;5.248;0.41;4.02;12.8;9945;29.6;-79.3;11.8;0;0;0
23.922;5.12;0.4;3.87;12.8;9963;29.6;-67.7;11.7;0;0;0
23.942;4.864;0.38;3.78;12.8;9965;29.6;-75.5;11.8;0;0;0
23.959;5.12;0.4;3.92;12.8;9964;29.6;-67.7;11.7;0;0;0
23.981;5.12;0.4;3.96;12.8;9961;29.6;-68.6;11.7;0;0;0
23.999;5.08;0.4;3.98;12.7;9964;29.6;-79.3;11.8;0;0;0
24.024;5.08;0.4;4;12.7;9957;29.6;-77.2;11.7;0;0;0
24.04;5.376;0.42;4.22;12.8;9938;29.6;-69.5;11.7;0;0;0
24.061;5.461;0.43;4.28;12.7;9933;29.6;-67;11.9;0;0;0
24.094;5.08;0.4;3.96;12.7;9954;29.6;-68.6;11.8;0;0;0
24.121;4.992;0.39;3.89;12.8;9956;29.6;-75.5;11.7;0;0;0
24.14;5.207;0.41;4.03;12.7;9949;29.6;-70.4;11.8;0;0;0
24.161;5.08;0.4;3.93;12.7;9965;29.6;-68.6;11.8;0;0;0
24.181;4.864;0.38;3.78;12.8;9972;29.6;-68.6;11.7;0;0;0
24.2;4.992;0.39;3.87;12.8;9967;29.6;-67.7;11.7;0;0;0
24.221;5.248;0.41;4.06;12.8;9955;29.6;-79.3;11.7;0;0;0
24.242;5.207;0.41;4.09;12.7;9955;29.6;-71.5;11.9;0;0;0
24.264;5.207;0.41;4.06;12.7;9956;29.6;-77.2;11.8;0;0;0
24.279;5.08;0.4;4;12.7;9952;29.6;-67;11.8;0;0;0
24.3;5.376;0.42;4.17;12.8;9937;29.6;-72.7;11.7;0;0;0
24.32;5.334;0.42;4.18;12.7;9945;29.6;-79.3;11.8;0;0;0
24.339;5.08;0.4;3.92;12.7;9954;29.6;-67;11.9;0;0;0
24.361;5.08;0.4;3.91;12.7;9958;29.6;-71.5;11.8;0;0;0
24.386;5.12;0.4;3.98;12.8;9953;29.6;-75.5;11.8;0;0;0
24.4;5.08;0.4;3.98;12.7;9957;29.6;-67;11.9;0;0;0
24.42;4.992;0.39;3.82;12.8;9970;29.6;-75.5;11.8;0;0;0
24.439;4.953;0.39;3.81;12.7;9973;29.6;-79.3;11.7;0;0;0
24.464;5.08;0.4;3.99;12.7;9960;29.6;-70.4;11.7;0;0;0
24.484;5.334;0.42;4.16;12.7;9950;29.6;-67;11.9;0;0;0
24.499;5.334;0.42;4.15;12.7;9955;29.6;-67;11.8;0;0;0
24.52;5.12;0.4;4.02;12.8;9954;29.6;-70.4;11.8;0;0;0
24.539;5.248;0.41;4.09;12.8;9947;29.6;-68.6;11.7;0;0;0
24.559;5.248;0.41;4.06;12.8;9943;29.6;-71.5;11.8;0;0;0
24.581;5.08;0.4;3.94;12.7;9961;29.6;-75.5;11.9;0;0;0
24.6;4.992;0.39;3.85;12.8;9967;29.6;-79.3;11.7;0;0;0
24.624;4.953;0.39;3.86;12.7;9968;29.6;-68.6;11.7;0;0;0
24.644;5.08;0.4;3.92;12.7;9968;29.6;-72.7;11.8;0;0;0
24.662;4.953;0.39;3.85;12.7;9980;29.6;-72.7;11.8;0;0;0
24.682;4.953;0.39;3.81;12.7;9983;29.6;-67;11.8;0;0;0
24.7;5.08;0.4;3.94;12.7;9976;29.6;-67.7;11.7;0;0;0
24.721;5.334;0.42;4.22;12.7;9949;29.6;-72.7;11.7;0;0;0
24.741;5.632;0.44;4.31;12.8;9944;29.6;-72.7;11.8;0;0;0
24.76;5.461;0.43;4.17;12.7;9951;29.6;-67.7;11.8;0;0;0
24.779;5.207;0.41;4.09;12.7;9947;29.6;-75.5;11.8;0;0;0
24.804;5.207;0.41;4.05;12.7;9946;29.6;-69.5;11.8;0;0;0
24.82;5.207;0.41;3.97;12.7;9956;29.6;-67.7;11.8;0;0;0
24.842;4.953;0.39;3.88;12.7;9962;29.6;-77.2;11.8;0;0;0
24.859;5.08;0.4;3.9;12.7;9964;29.6;-67;11.9;0;0;0
24.889;5.12;0.4;3.9;12.8;9965;29.6;-65.5;11.8;0;0;0
24.911;4.953;0.39;3.88;12.7;9977;29.6;-70.4;11.8;0;0;0
24.924;4.953;0.39;3.87;12.7;9976;29.6;-67;11.7;0;0;0